pretrain_run_id,base_batch_size,checkpoint_step,bsz_mult,lr_mult,target_batch_size,status,invalid_batch_size,seed_count,seeds,expected_seed_count,expected_seeds,run_ids,history_points,unstable_seed_count,unstable_fraction,unstable_ratio_threshold,mean_initial_lin_loss,max_seed_lin_loss_ratio,mean_lin_loss_time_seed,per_seed_lin_loss_max,error
v1nnbc4z,1,202047,0.25,0.25,0.25,abort,True,0,,10,1 2 3 4 5 10 11 12 13 14,,0,0,,4.0,,,,,
v1nnbc4z,1,202047,0.25,0.5,0.25,abort,True,0,,10,1 2 3 4 5 10 11 12 13 14,,0,0,,4.0,,,,,
v1nnbc4z,1,202047,0.25,1.0,0.25,abort,True,0,,10,1 2 3 4 5 10 11 12 13 14,,0,0,,4.0,,,,,
v1nnbc4z,1,202047,0.25,2.0,0.25,abort,True,0,,10,1 2 3 4 5 10 11 12 13 14,,0,0,,4.0,,,,,
v1nnbc4z,1,202047,0.25,4.0,0.25,abort,True,0,,10,1 2 3 4 5 10 11 12 13 14,,0,0,,4.0,,,,,
v1nnbc4z,1,202047,0.5,0.25,0.5,abort,True,0,,10,1 2 3 4 5 10 11 12 13 14,,0,0,,4.0,,,,,
v1nnbc4z,1,202047,0.5,0.5,0.5,abort,True,0,,10,1 2 3 4 5 10 11 12 13 14,,0,0,,4.0,,,,,
v1nnbc4z,1,202047,0.5,1.0,0.5,abort,True,0,,10,1 2 3 4 5 10 11 12 13 14,,0,0,,4.0,,,,,
v1nnbc4z,1,202047,0.5,2.0,0.5,abort,True,0,,10,1 2 3 4 5 10 11 12 13 14,,0,0,,4.0,,,,,
v1nnbc4z,1,202047,0.5,4.0,0.5,abort,True,0,,10,1 2 3 4 5 10 11 12 13 14,,0,0,,4.0,,,,,
v1nnbc4z,1,202047,1.0,0.25,1.0,spike,False,10,1 2 3 4 5 10 11 12 13 14,10,1 2 3 4 5 10 11 12 13 14,3fsvksdd ahifem0j 260bbqmd y8i91uti npmfxtgl iov9hvzb nblzgbiz 8qbxt6n7 8jaxg49e lq86mawq,2929690,1,0.1,4.0,3.1805758714675902,10.091929977131079,3.005795128392094,31.640649795532227,
v1nnbc4z,1,202047,1.0,0.5,1.0,spike,False,10,1 2 3 4 5 10 11 12 13 14,10,1 2 3 4 5 10 11 12 13 14,v7cuwwuf wxu62tw9 0b39ermg ag6iojiy w38kdaks hx6jnsq0 fkds02uf lz1k72cy jijn228c nknaflm7,2900904,10,1.0,4.0,3.1805758476257324,22359852484.499283,70806.9795637106,70103564288.0,
v1nnbc4z,1,202047,1.0,1.0,1.0,spike,False,10,1 2 3 4 5 10 11 12 13 14,10,1 2 3 4 5 10 11 12 13 14,vqpdgb50 76260dcr 8lzqar9g rsqaudp4 8txwq29r cb4zh9px rhchhh95 wv2r15wp 67vy635v uvlayg5g,665400,10,1.0,4.0,3.1805758476257324,58623825729.611496,946988.9431530507,190885888000.0,
v1nnbc4z,1,202047,1.0,2.0,1.0,spike,False,10,1 2 3 4 5 10 11 12 13 14,10,1 2 3 4 5 10 11 12 13 14,0pm1xhav 1jut3hqq 9wsiy4rm 9kqgkw2m c8s6xfq2 t08sc9rm muho2g2e uvrgjho1 859ctuk5 35ieymdk,161540,10,1.0,4.0,3.1805758476257324,76681262249.47278,5729472.559641967,249682968576.0,
v1nnbc4z,1,202047,1.0,4.0,1.0,spike,False,10,1 2 3 4 5 10 11 12 13 14,10,1 2 3 4 5 10 11 12 13 14,pnhaxlqm 04mx9gc9 l5vw112y fkp6uk0t 7xc4d6e5 hajh4v5m au7el0q1 xcamk0n7 f5q94n99 6749hqnt,33950,10,1.0,4.0,3.1805758714675902,12338611057.040728,26328813.757141467,41107345408.0,
v1nnbc4z,1,202047,2.0,0.25,2.0,ok,False,10,1 2 3 4 5 10 11 12 13 14,10,1 2 3 4 5 10 11 12 13 14,9zl3v81r 37csxylt zsrx2mhp 5jkhmiq0 gh7c1no9 fy6k9f6m 39vejcwf rn9ad5ch gcmy72x8 rjufllk0,1464850,0,0.0,4.0,3.1863189220428465,1.5157946601832883,3.0115389142843076,4.420333385467529,
v1nnbc4z,1,202047,2.0,0.5,2.0,spike,False,10,1 2 3 4 5 10 11 12 13 14,10,1 2 3 4 5 10 11 12 13 14,fsge95kf 62wnizr2 ygad45pt 7vi71tpr 822pzqdr y88xaqh5 aqejdhug r7o4odi9 vrndugfj 0rdalz8h,1464850,1,0.1,4.0,3.1863189220428465,5.500140896261246,3.005797361536645,18.241918563842773,
v1nnbc4z,1,202047,2.0,1.0,2.0,spike,False,10,1 2 3 4 5 10 11 12 13 14,10,1 2 3 4 5 10 11 12 13 14,qk6hxy5z 0v1kyue1 q9ctjd4x 89jnle0q kd6wdf1g 4nbopde9 d2rag62w 3qhvveb3 53yczhrl bclx9fko,1450655,10,1.0,4.0,3.1863189220428465,12034195455.057777,93331.1683214093,39912943616.0,
v1nnbc4z,1,202047,2.0,2.0,2.0,spike,False,10,1 2 3 4 5 10 11 12 13 14,10,1 2 3 4 5 10 11 12 13 14,kq47s42e 0cyphomv kyrlci9p uvtfktro u1vuqni3 yefcx7l3 bv1b2dfm 3luxgubm 849p8otj gs345qi4,389400,10,1.0,4.0,3.1863189220428465,143084003009.1885,1690745.6209374364,413755572224.0,
v1nnbc4z,1,202047,2.0,4.0,2.0,spike,False,10,1 2 3 4 5 10 11 12 13 14,10,1 2 3 4 5 10 11 12 13 14,jgs2n7zq y7glp47k 78v7h1iy c87j0ruz 5h1hgkbn 489n1eqd pjjbuy56 4t7wqh01 8go8j2xo 27qz6bny,95005,10,1.0,4.0,3.1863189220428465,37424321840.05373,7978380.998779118,118112985088.0,
v1nnbc4z,1,202047,4.0,0.25,4.0,ok,False,10,1 2 3 4 5 10 11 12 13 14,10,1 2 3 4 5 10 11 12 13 14,np48dyur ibk6717e xv4vr137 6ei8yhqg zbrxroa4 wsb0l3zl iywlrp3t h16uxkny al6gu7ex h98g2cnb,732430,0,0.0,4.0,3.128455090522766,1.3247198758576726,3.0283202981603154,3.9228436946868896,
v1nnbc4z,1,202047,4.0,0.5,4.0,ok,False,10,1 2 3 4 5 10 11 12 13 14,10,1 2 3 4 5 10 11 12 13 14,favdondj l53dplod fbut7k2g fxd0mcpm wvr1x4h9 99m80g6j kubtvi4o nulpzbdp 9t2qnkbx q1gqgdb7,732430,0,0.0,4.0,3.128455138206482,1.3217910653238643,3.0115447298575466,3.901179075241089,
v1nnbc4z,1,202047,4.0,1.0,4.0,ok,False,10,1 2 3 4 5 10 11 12 13 14,10,1 2 3 4 5 10 11 12 13 14,qehbtcxp 0qvmcu6h vdlhl8w6 uvgpcnsx 8gqpme0p nkz93mdu a2do6su4 n8y1g8fy 3z8tvdzf 6vr53q5f,732430,0,0.0,4.0,3.128455090522766,3.3441359676970595,3.0058117871037546,10.983925819396973,
v1nnbc4z,1,202047,4.0,2.0,4.0,spike,False,10,1 2 3 4 5 10 11 12 13 14,10,1 2 3 4 5 10 11 12 13 14,moenib1n 0zkol6w3 qryy4c40 e21muokw y6g2tpgu vrmrq1tc 2d5mh330 rhg392mh 3ad2mix7 379a8y8o,725332,10,1.0,4.0,3.128455138206482,7167861939.645021,97476.1254204205,23543080960.0,
v1nnbc4z,1,202047,4.0,4.0,4.0,spike,False,10,1 2 3 4 5 10 11 12 13 14,10,1 2 3 4 5 10 11 12 13 14,n54y5tly wa37fqh6 mnpoxgfp q642yzmd ky1gzwsc zsgsamu9 eywoj8q5 eh8itzyd 9onmojcz hd7e5f9o,206823,10,1.0,4.0,3.128455114364624,29038900288.204647,2800617.788577958,92768878592.0,
v1nnbc4z,1,1414332,0.25,0.25,0.25,abort,True,0,,10,1 2 3 4 5 10 11 12 13 14,,0,0,,4.0,,,,,
v1nnbc4z,1,1414332,0.25,0.5,0.25,abort,True,0,,10,1 2 3 4 5 10 11 12 13 14,,0,0,,4.0,,,,,
v1nnbc4z,1,1414332,0.25,1.0,0.25,abort,True,0,,10,1 2 3 4 5 10 11 12 13 14,,0,0,,4.0,,,,,
v1nnbc4z,1,1414332,0.25,2.0,0.25,abort,True,0,,10,1 2 3 4 5 10 11 12 13 14,,0,0,,4.0,,,,,
v1nnbc4z,1,1414332,0.25,4.0,0.25,abort,True,0,,10,1 2 3 4 5 10 11 12 13 14,,0,0,,4.0,,,,,
v1nnbc4z,1,1414332,0.5,0.25,0.5,abort,True,0,,10,1 2 3 4 5 10 11 12 13 14,,0,0,,4.0,,,,,
v1nnbc4z,1,1414332,0.5,0.5,0.5,abort,True,0,,10,1 2 3 4 5 10 11 12 13 14,,0,0,,4.0,,,,,
v1nnbc4z,1,1414332,0.5,1.0,0.5,abort,True,0,,10,1 2 3 4 5 10 11 12 13 14,,0,0,,4.0,,,,,
v1nnbc4z,1,1414332,0.5,2.0,0.5,abort,True,0,,10,1 2 3 4 5 10 11 12 13 14,,0,0,,4.0,,,,,
v1nnbc4z,1,1414332,0.5,4.0,0.5,abort,True,0,,10,1 2 3 4 5 10 11 12 13 14,,0,0,,4.0,,,,,
v1nnbc4z,1,1414332,1.0,0.25,1.0,ok,False,10,1 2 3 4 5 10 11 12 13 14,10,1 2 3 4 5 10 11 12 13 14,ourifkyy fmxg1n2b b8o11u3v 1hvg95n6 uvoslnht avgu89he 96950f46 i87tdjec pqz3d12q rkx4ju6l,2929690,0,0.0,4.0,2.607457685470581,2.0935224140432322,2.676917686543578,4.954370498657227,
v1nnbc4z,1,1414332,1.0,0.5,1.0,ok,False,10,1 2 3 4 5 10 11 12 13 14,10,1 2 3 4 5 10 11 12 13 14,y09k9gbb tgqh4pti wsj3yrt6 5l55rcei jaaoszwk ft316cla w2hapy3z czlpy2df jif2i9pu 81f638rh,2929690,0,0.0,4.0,2.607457685470581,2.492146873579382,2.689579170152,6.340415954589844,
v1nnbc4z,1,1414332,1.0,1.0,1.0,spike,False,10,1 2 3 4 5 10 11 12 13 14,10,1 2 3 4 5 10 11 12 13 14,79yj8epg 954hmyfe x81r6mox h0ufaow6 4n96jc6t 7wdlywq7 lqb2xju6 zvc1hsox sav7x548 tx6a0igf,2929690,10,1.0,4.0,2.607457685470581,4593836.344767393,15.834790541424331,12478356.0,
v1nnbc4z,1,1414332,1.0,2.0,1.0,spike,False,10,1 2 3 4 5 10 11 12 13 14,10,1 2 3 4 5 10 11 12 13 14,tfyo2yfs uamxcny2 f7y6s240 8c1m1lta lce0oz6d yadg6g03 maqtq4dc gz30n3u1 oxwdtzjg cwzr9nd6,623903,10,1.0,4.0,2.607457661628723,65446061199.708145,695002.0927312297,174843691008.0,
v1nnbc4z,1,1414332,1.0,4.0,1.0,spike,False,10,1 2 3 4 5 10 11 12 13 14,10,1 2 3 4 5 10 11 12 13 14,g3s3tz89 753dn41f alfyq38b ugc7j3zp wvs6nrdu u47e67zh 1d1sk3bm 7lszxya2 wgnam9cf iszs8ma5,112283,10,1.0,4.0,2.607457661628723,56681213626.1462,6351080.865237051,151427792896.0,
v1nnbc4z,1,1414332,2.0,0.25,2.0,ok,False,10,1 2 3 4 5 10 11 12 13 14,10,1 2 3 4 5 10 11 12 13 14,touhd6bn nilbgyin zfqwlext iyfy3crm tjvf0q5w 7wbqpri0 xagq0ld1 0o3qzby1 3almi0hs 032x4v5o,1464850,0,0.0,4.0,2.603252673149109,1.7821591764281517,2.6745335947350317,4.100798606872559,
v1nnbc4z,1,1414332,2.0,0.5,2.0,ok,False,10,1 2 3 4 5 10 11 12 13 14,10,1 2 3 4 5 10 11 12 13 14,tpr3bsx6 nk3hvuao irhh0fmp 01f12jwx 9mcyb68g nbz9xwjk cvzdttbd jur1ebd9 wbg47nsi 8uktp567,1464850,0,0.0,4.0,2.603252649307251,1.781707614233111,2.6769190328231534,4.095065593719482,
v1nnbc4z,1,1414332,2.0,1.0,2.0,ok,False,10,1 2 3 4 5 10 11 12 13 14,10,1 2 3 4 5 10 11 12 13 14,fii0he19 u5ylas0c o2dhosre nynp9ig2 tux2bds9 ea7i1za7 wju6hxja rwm08gfy j5i580ty d68yjal8,1464850,0,0.0,4.0,2.603252649307251,1.784391553351319,2.6895833342636544,4.226101398468018,
v1nnbc4z,1,1414332,2.0,2.0,2.0,spike,False,10,1 2 3 4 5 10 11 12 13 14,10,1 2 3 4 5 10 11 12 13 14,y5b1oofc pszbmmq4 mjz2x14d 57lg3sc4 kbxtduvq tvzd9mz9 dghj31gi 0aufgcd9 iyy726tf a8e9je3b,1464850,10,1.0,4.0,2.603252649307251,2568930.2008341113,16.298117852421974,6741529.0,
v1nnbc4z,1,1414332,2.0,4.0,2.0,spike,False,10,1 2 3 4 5 10 11 12 13 14,10,1 2 3 4 5 10 11 12 13 14,x2blskea 00f3z3ky 8r8spp2e rmfrole7 43gf6xye 2b7bzspr 287mppvf x75n0u88 qf0uklbd kxgtuty4,314611,10,1.0,4.0,2.603252649307251,100044676583.4218,2164269.226092775,257208385536.0,
v1nnbc4z,1,1414332,4.0,0.25,4.0,ok,False,10,1 2 3 4 5 10 11 12 13 14,10,1 2 3 4 5 10 11 12 13 14,saf9qle4 1ggva4bc szspnnzl tfxpdhxk 4m1w6333 nynwddtc o599zuj2 usgkrwt5 d74n6h1p 6r9tx363,732430,0,0.0,4.0,2.6899335861206053,1.409962988246072,2.6756909473518546,3.6282999515533447,
v1nnbc4z,1,1414332,4.0,0.5,4.0,ok,False,10,1 2 3 4 5 10 11 12 13 14,10,1 2 3 4 5 10 11 12 13 14,vk4o9lka rxy02uk5 nqztcs6l 94xd5c5y k5lo56pw mwktjxop jtms21cv 9imphvka ui9xkr9c s39754hz,732430,0,0.0,4.0,2.6899335622787475,1.4084586708065086,2.6745362324588555,3.6244285106658936,
v1nnbc4z,1,1414332,4.0,1.0,4.0,ok,False,10,1 2 3 4 5 10 11 12 13 14,10,1 2 3 4 5 10 11 12 13 14,xatjxk0t 5614d5ok 9g1bgi9f vxjopipm okvnxcgt av68pbxz v72bxh0c 12930una p0cyjhdf wg0uq52v,732430,0,0.0,4.0,2.6899335861206053,1.4084371382024155,2.676925021967681,3.6257734298706055,
v1nnbc4z,1,1414332,4.0,2.0,4.0,ok,False,10,1 2 3 4 5 10 11 12 13 14,10,1 2 3 4 5 10 11 12 13 14,pvou31xd 3c1f359z zc81lxri kb8vmskx 4heakvpz u2g40664 07p8zvqq cxwlim5w u9wfz1ly 97jr72wu,732430,0,0.0,4.0,2.6899335861206053,1.412789085998313,2.6895988667733746,3.6397714614868164,
v1nnbc4z,1,1414332,4.0,4.0,4.0,spike,False,10,1 2 3 4 5 10 11 12 13 14,10,1 2 3 4 5 10 11 12 13 14,wsfu14nb ch5tthr9 esucpgj8 4dxszh7w u9tve4aq qdbk42ou 41k4y4c6 jkiotsxe 6q0lxd8y 8vbnliz9,732430,10,1.0,4.0,2.6899335622787475,1471172.7188901673,17.54512439779827,3877469.25,
v1nnbc4z,1,2929688,0.25,0.25,0.25,abort,True,0,,10,1 2 3 4 5 10 11 12 13 14,,0,0,,4.0,,,,,
v1nnbc4z,1,2929688,0.25,0.5,0.25,abort,True,0,,10,1 2 3 4 5 10 11 12 13 14,,0,0,,4.0,,,,,
v1nnbc4z,1,2929688,0.25,1.0,0.25,abort,True,0,,10,1 2 3 4 5 10 11 12 13 14,,0,0,,4.0,,,,,
v1nnbc4z,1,2929688,0.25,2.0,0.25,abort,True,0,,10,1 2 3 4 5 10 11 12 13 14,,0,0,,4.0,,,,,
v1nnbc4z,1,2929688,0.25,4.0,0.25,abort,True,0,,10,1 2 3 4 5 10 11 12 13 14,,0,0,,4.0,,,,,
v1nnbc4z,1,2929688,0.5,0.25,0.5,abort,True,0,,10,1 2 3 4 5 10 11 12 13 14,,0,0,,4.0,,,,,
v1nnbc4z,1,2929688,0.5,0.5,0.5,abort,True,0,,10,1 2 3 4 5 10 11 12 13 14,,0,0,,4.0,,,,,
v1nnbc4z,1,2929688,0.5,1.0,0.5,abort,True,0,,10,1 2 3 4 5 10 11 12 13 14,,0,0,,4.0,,,,,
v1nnbc4z,1,2929688,0.5,2.0,0.5,abort,True,0,,10,1 2 3 4 5 10 11 12 13 14,,0,0,,4.0,,,,,
v1nnbc4z,1,2929688,0.5,4.0,0.5,abort,True,0,,10,1 2 3 4 5 10 11 12 13 14,,0,0,,4.0,,,,,
v1nnbc4z,1,2929688,1.0,0.25,1.0,ok,False,10,1 2 3 4 5 10 11 12 13 14,10,1 2 3 4 5 10 11 12 13 14,j3b88nbd arjyv98q xy3wqtb5 3vrhyg4k odt75lsp b1tacypa 461q5drd aa3cxhro fu0ojsmv yylj717p,2929690,0,0.0,4.0,2.5770549297332765,2.341285825427897,2.5967618786449105,5.344057083129883,
v1nnbc4z,1,2929688,1.0,0.5,1.0,ok,False,10,1 2 3 4 5 10 11 12 13 14,10,1 2 3 4 5 10 11 12 13 14,206tbzd0 7vvmfca7 td0ru0m8 wsenjgyp h15guvtl xo3anxgn yfzv1qm9 aqq8kvq6 pjedk7f9 gv2n1iod,2929690,0,0.0,4.0,2.5770549058914183,2.342179892586458,2.597982487264889,5.349462985992432,
v1nnbc4z,1,2929688,1.0,1.0,1.0,ok,False,10,1 2 3 4 5 10 11 12 13 14,10,1 2 3 4 5 10 11 12 13 14,l7mxnpn0 atz3fewi hb368891 7y9aqddm dde8826c pglrbqud 5nch9wpk bpo2xguz htzd0sdi kmexoh64,2929690,0,0.0,4.0,2.5770549297332765,2.3450519918352324,2.6020797606649806,5.359259128570557,
v1nnbc4z,1,2929688,1.0,2.0,1.0,ok,False,10,1 2 3 4 5 10 11 12 13 14,10,1 2 3 4 5 10 11 12 13 14,fvs1uz7b pby2qpom gwsneumz w76klhpb 699wdj4f qwgpahqc usdpwrgu wsp3y23y 196or7fs jj31m2np,2929690,0,0.0,4.0,2.5770549058914183,2.3521842426676036,2.61342478241291,5.3783345222473145,
v1nnbc4z,1,2929688,1.0,4.0,1.0,spike,False,10,1 2 3 4 5 10 11 12 13 14,10,1 2 3 4 5 10 11 12 13 14,92nqlefb txsdotjt syi3uvgn 0aize89k g3lsthoo n38xxcto tc85ljub avokkgs6 cwkmoa29 qqwo7j9t,2929690,10,1.0,4.0,2.5770549297332765,300521.10336735443,3.7379737265566755,775753.6875,
v1nnbc4z,1,2929688,2.0,0.25,2.0,ok,False,10,1 2 3 4 5 10 11 12 13 14,10,1 2 3 4 5 10 11 12 13 14,31ap9dyh 8rto45f4 6fvws3cp 65zl2rc2 8eg99uci talimpld 9jylcg27 qrcigdcw z9q8vavp zo3us3xu,1464850,0,0.0,4.0,2.4894454717636108,1.9698794056598492,2.5966005846545626,4.328981399536133,
v1nnbc4z,1,2929688,2.0,0.5,2.0,ok,False,10,1 2 3 4 5 10 11 12 13 14,10,1 2 3 4 5 10 11 12 13 14,5re7nk70 8r3hnib1 y1dctnuh 8oq08z8f 3a1s2mqm ereft7py p3cq2imd sktv540c a3ogwn83 dhsnejp4,1464850,0,0.0,4.0,2.489445447921753,1.969560224915019,2.5967617643850756,4.328279972076416,
v1nnbc4z,1,2929688,2.0,1.0,2.0,ok,False,10,1 2 3 4 5 10 11 12 13 14,10,1 2 3 4 5 10 11 12 13 14,gr4b1p5a 0r0883qy t5ycuqzs yagc3j5c wgcpd6r6 qr06603b dm94qnte o552783c jnseeidb d0x4f2ys,1464850,0,0.0,4.0,2.489445447921753,1.970082717935788,2.5979825445547093,4.329428195953369,
v1nnbc4z,1,2929688,2.0,2.0,2.0,ok,False,10,1 2 3 4 5 10 11 12 13 14,10,1 2 3 4 5 10 11 12 13 14,u8wqcdhy 1ksg1imf r1k0f4qd c3p039fj sih9vdik 8b8kv0c8 twk0eljw mdnktry7 bcq8re5k 87xmi91t,1464850,0,0.0,4.0,2.4894454717636108,1.972660682877548,2.602080366182446,4.3350934982299805,
v1nnbc4z,1,2929688,2.0,4.0,2.0,ok,False,10,1 2 3 4 5 10 11 12 13 14,10,1 2 3 4 5 10 11 12 13 14,g9s7oo7p dtbbdpn8 4z35lewo f6qd1wfg 8rcy4s18 imrliy6e r5ms9b3b qi51a57m o0djsvvb xnqjaltd,1464850,0,0.0,4.0,2.489445424079895,1.9793339689463825,2.6134270675352345,4.349758625030518,
v1nnbc4z,1,2929688,4.0,0.25,4.0,ok,False,10,1 2 3 4 5 10 11 12 13 14,10,1 2 3 4 5 10 11 12 13 14,6yyc55d8 amrz4ldu 5kd32qlm pjaboxqb ndhqaa7t blwf55t6 ivcy1qiu c5c2qlcc 3mmjoi9d wol9rsso,732430,0,0.0,4.0,2.6059781551361083,1.4665164022320998,2.5967608786969754,3.6719937324523926,
v1nnbc4z,1,2929688,4.0,0.5,4.0,ok,False,10,1 2 3 4 5 10 11 12 13 14,10,1 2 3 4 5 10 11 12 13 14,g7f3di5f c9gjbv7u ki3c13b8 ptpl6nxg lewybjae ha52zfgp lqoot0vf awwmuris u80dqseu yrr7yvbs,732430,0,0.0,4.0,2.6059781551361083,1.4660331998471667,2.5966008649727117,3.6722025871276855,
v1nnbc4z,1,2929688,4.0,1.0,4.0,ok,False,10,1 2 3 4 5 10 11 12 13 14,10,1 2 3 4 5 10 11 12 13 14,7kie4qbk wzheahbz 7zsgjwg0 krskib9x yg5oj2cl 1bxym27m i23vxfez pa3krjcm sehvn3k7 pfubhafe,732430,0,0.0,4.0,2.605978178977966,1.465427167631132,2.5967622725140322,3.672959566116333,
v1nnbc4z,1,2929688,4.0,2.0,4.0,ok,False,10,1 2 3 4 5 10 11 12 13 14,10,1 2 3 4 5 10 11 12 13 14,q3w49t4h 6b0ii2hg z56oq0zr oz0gtnr6 tgbhutdv 1knbu14x ax4phgkw xgclcv99 4mgvc4ss tzb5xp5z,732430,0,0.0,4.0,2.6059782028198244,1.46508997236231,2.5979836551158697,3.675633430480957,
v1nnbc4z,1,2929688,4.0,4.0,4.0,ok,False,10,1 2 3 4 5 10 11 12 13 14,10,1 2 3 4 5 10 11 12 13 14,8u4ago14 kkbbfbz3 wvpg2h97 r0pru7sd f2imufy8 0807tny4 ows167m2 8qohd9d3 ju1br115 3ev7d21u,732430,0,0.0,4.0,2.605978178977966,1.4658085659920381,2.6020832764167015,3.6825947761535645,
qo82arcx,64,3157,0.25,0.25,16.0,spike,False,10,1 2 3 4 5 10 11 12 13 14,10,1 2 3 4 5 10 11 12 13 14,nct1x58o 3t4jxjs2 i4r8jzfs w8jhs4bb jv4gkolo a4cvz9i6 mnzj5781 a9ord3cs kbzoi5he 54r2xqvu,48865,10,1.0,4.0,3.157327747344971,55122565486.247345,12363301.088608164,175561293824.0,
qo82arcx,64,3157,0.25,0.5,16.0,spike,False,10,1 2 3 4 5 10 11 12 13 14,10,1 2 3 4 5 10 11 12 13 14,edqeayw3 2wvxk2bh zwoq62a6 b01fd7gg a6xv2mdc wx4cuo1l tvk4u7j0 gnufojkv qykwxq4h y48t20b8,15800,10,1.0,4.0,3.157327747344971,46271081550.84707,43488259.86634577,141825589248.0,
qo82arcx,64,3157,0.25,1.0,16.0,spike,False,10,1 2 3 4 5 10 11 12 13 14,10,1 2 3 4 5 10 11 12 13 14,3lradbba vkm9ul9s 1d5uq3qe 2d7whqet jg228vr2 3ee4x146 rtm1dfx2 71i1sr48 pzuv79kr eu8wiid5,6067,10,1.0,4.0,3.157327747344971,38793182537.660835,142238289.4175859,122798456832.0,
qo82arcx,64,3157,0.25,2.0,16.0,spike,False,10,1 2 3 4 5 10 11 12 13 14,10,1 2 3 4 5 10 11 12 13 14,gsg8lt21 qvdbgwcw 5e0hja0g b40ca18m hx4714za 3jqm5rn6 dfs0128n m2o7nqg1 25c0vydi eno6bgjm,2436,10,1.0,4.0,3.157327747344971,34765458781.0365,352016587.8461202,114917523456.0,
qo82arcx,64,3157,0.25,4.0,16.0,spike,False,10,1 2 3 4 5 10 11 12 13 14,10,1 2 3 4 5 10 11 12 13 14,0yamf4de a01a9upf x0hdx0v8 won7gmnw 13wwu0cy e5906w15 idm4tu5g q2g0hpj6 mycuoex6 m6fpu5rf,118,10,1.0,4.0,3.157327747344971,55377750283.49971,5724158614.629704,176374038528.0,
qo82arcx,64,3157,0.5,0.25,32.0,spike,False,10,1 2 3 4 5 10 11 12 13 14,10,1 2 3 4 5 10 11 12 13 14,ni8a43y9 z8heyise rosge9ps e5ox0sbq olxfxc7p urbte8a1 bcjbda2e 7jlm2c4t 5ky9o4de 1ka4nfmt,91560,10,1.0,4.0,3.18031964302063,9874452.500776578,1923.2473590763573,30969032.0,
qo82arcx,64,3157,0.5,0.5,32.0,spike,False,10,1 2 3 4 5 10 11 12 13 14,10,1 2 3 4 5 10 11 12 13 14,ssc56dhp 0ym4fz9w q03vktto 7ymz5638 or06yloh fghmujcy o9dcu7kf 19m86i8b w0vkj6g9 g2to0tew,26869,10,1.0,4.0,3.18031964302063,121124727605.85432,33709290.434604146,379880865792.0,
qo82arcx,64,3157,0.5,1.0,32.0,spike,False,10,1 2 3 4 5 10 11 12 13 14,10,1 2 3 4 5 10 11 12 13 14,wiffnrqh 1dj3lxu7 oqihv7to wenlkt76 4hkyk5vw 0p5rtor5 6i8hfgl4 c09zfp89 e5c8tqtn utjcrco0,8333,10,1.0,4.0,3.18031964302063,123734429534.53366,151934302.30843052,400083419136.0,
qo82arcx,64,3157,0.5,2.0,32.0,spike,False,10,1 2 3 4 5 10 11 12 13 14,10,1 2 3 4 5 10 11 12 13 14,vwee9k55 5mvgceqp dnkmxs89 s9m3t5fa ks409em3 on4tr2g9 kyx16l93 g6qfrrt7 ymdlb9t6 8vkxt51u,3786,10,1.0,4.0,3.18031964302063,321774015301.8124,413383376.32348806,986073661440.0,
qo82arcx,64,3157,0.5,4.0,32.0,spike,False,10,1 2 3 4 5 10 11 12 13 14,10,1 2 3 4 5 10 11 12 13 14,kkjcgkpb x896u43i uv1fj7i9 svrbzghw 0di2nbte mga5xj39 e4nsi0tm qur579p2 hu3cfue7 045tftq1,119,10,1.0,4.0,3.18031964302063,67674886812.57494,9540050825.933895,217208750080.0,
qo82arcx,64,3157,1.0,0.25,64.0,ok,False,10,1 2 3 4 5 10 11 12 13 14,10,1 2 3 4 5 10 11 12 13 14,5kw5buno 9he1jfct qhh3v3n6 6g9ygbic 97a7itbp wnm5udsh 0ptk6c47 40qipxq8 nd5evtmd uc91pgmz,45780,0,0.0,4.0,3.1659912347793577,1.059623898036176,3.0448627376566817,3.2894511222839355,
qo82arcx,64,3157,1.0,0.5,64.0,spike,False,10,1 2 3 4 5 10 11 12 13 14,10,1 2 3 4 5 10 11 12 13 14,n315xay7 bfoipc98 98vyk1l5 mwk65l66 x7f34fr7 e8qag726 nn920et9 sf41pbs1 69o5l29g 8vg7exj8,45780,10,1.0,4.0,3.1659912347793577,737048.1441788848,158.58649971165894,2280667.25,
qo82arcx,64,3157,1.0,1.0,64.0,spike,False,10,1 2 3 4 5 10 11 12 13 14,10,1 2 3 4 5 10 11 12 13 14,naxq9g09 kx5oo2nt fh3a89ti qik1l0kk ltbs357r phr9kylx b75tr0wh usx2mi4e 2rqwuc8k at44n8lv,14853,10,1.0,4.0,3.1659912109375,10673106731.442144,20458708.513360046,33954435072.0,
qo82arcx,64,3157,1.0,2.0,64.0,spike,False,10,1 2 3 4 5 10 11 12 13 14,10,1 2 3 4 5 10 11 12 13 14,ilc4gkob 0mdbbe6v 2jdu1o7l j1ma2yem djq696sm lohzsomt fvman90f hd2v0kur 567d7qfo kvv3s7hp,5168,10,1.0,4.0,3.1659912347793577,63707975726.85081,150548043.8629091,205015891968.0,
qo82arcx,64,3157,1.0,4.0,64.0,spike,False,10,1 2 3 4 5 10 11 12 13 14,10,1 2 3 4 5 10 11 12 13 14,nvx8aj1q fgc42r4p sk2r061t xryy845l vvewjtzz ahl2sx1i b1y2foqs 6wl0u1zr iduapmsm vznsrz6d,119,10,1.0,4.0,3.1659912109375,37254038921.16363,6269602704.289321,119223558144.0,
qo82arcx,64,3157,2.0,0.25,128.0,ok,False,10,1 2 3 4 5 10 11 12 13 14,10,1 2 3 4 5 10 11 12 13 14,f46ixgfo x9nmqge4 nl9oet4s h6lpypjy 90t71c0w c7r5fvi7 abhwi4m3 2shjhgr3 421odi8i 7jvfcq3c,22890,0,0.0,4.0,3.182510805130005,1.0337185165439298,3.0562480348434553,3.233718156814575,
qo82arcx,64,3157,2.0,0.5,128.0,ok,False,10,1 2 3 4 5 10 11 12 13 14,10,1 2 3 4 5 10 11 12 13 14,kux7v00l dazdb7s8 6rn24c0z l3d0ija6 rgshchvd cxdnj0ab gr3tuhr1 uyucntyp 14yayz0p ikplo7ew,22890,0,0.0,4.0,3.182510781288147,1.0342354534497322,3.0451088844922602,3.240002155303955,
qo82arcx,64,3157,2.0,1.0,128.0,spike,False,10,1 2 3 4 5 10 11 12 13 14,10,1 2 3 4 5 10 11 12 13 14,qcq64clv o3heyl81 qyqpms2w bmjyqnnn 5tggecjl 9gf22a5k b3gtubmk 395qitdj v5s7lwel cg2rq3vt,22890,10,1.0,4.0,3.182510805130005,358246648.12430346,80986.66906039498,1148640000.0,
qo82arcx,64,3157,2.0,2.0,128.0,spike,False,10,1 2 3 4 5 10 11 12 13 14,10,1 2 3 4 5 10 11 12 13 14,0z0ow1g5 zd8bmyvc vaghr0rq h4wrgv17 v3jzyexc 1ixf49ds hglew1fo 1bwiuptr 7to2s6ff lgofpkqf,9323,10,1.0,4.0,3.1825108528137207,52764430307.578094,89037029.36946982,170102734848.0,
qo82arcx,64,3157,2.0,4.0,128.0,spike,False,10,1 2 3 4 5 10 11 12 13 14,10,1 2 3 4 5 10 11 12 13 14,emt8y9a8 vsjoae17 2jvfiizh 1eimhmgh p2vqkdrp tmi1dyhv z118qsdi 6ef9cipe you6upfs 6y9ruea5,120,10,1.0,4.0,3.182510781288147,47685254552.034355,6925731795.218999,149844246528.0,
qo82arcx,64,3157,4.0,0.25,256.0,ok,False,10,1 2 3 4 5 10 11 12 13 14,10,1 2 3 4 5 10 11 12 13 14,fm3b2s9s tuno27lf 00u4pqsh sg9k7h29 6ewk3wne pdoa9v60 g6fsyg1p s9lrdm2u dl2smcvk 4vm8phql,11450,0,0.0,4.0,3.1792256593704225,1.020223319810614,3.0766971043624216,3.212088108062744,
qo82arcx,64,3157,4.0,0.5,256.0,ok,False,10,1 2 3 4 5 10 11 12 13 14,10,1 2 3 4 5 10 11 12 13 14,xbvj95bo tc2x657f wsxvhdxg 0uwi0ddh gmf1zg7w u7le17dj b9ylpepm smv2l5qg 79px5213 mhn7hpjs,11450,0,0.0,4.0,3.1792256593704225,1.0218924079851048,3.0566208425047092,3.215698719024658,
qo82arcx,64,3157,4.0,1.0,256.0,ok,False,10,1 2 3 4 5 10 11 12 13 14,10,1 2 3 4 5 10 11 12 13 14,ytsyp3tj efc1qsgx afp5hd6j r2n1n19l cxy7pgo0 b5doio8t j1r6xace 1thofqr4 5jen6qc3 96y04zmo,11450,0,0.0,4.0,3.1792256593704225,1.027494215005925,3.0460441175610735,3.2314693927764893,
qo82arcx,64,3157,4.0,2.0,256.0,spike,False,10,1 2 3 4 5 10 11 12 13 14,10,1 2 3 4 5 10 11 12 13 14,2embqviw 5onp10tj momkvl7u 3mcwfq15 hypbj4dk 8is8w6u8 ok5tuis5 otdfxz06 q068nlu8 7gqocmt3,11450,9,0.9,4.0,3.1792256593704225,69897.12877166014,80.99267981139853,223210.234375,
qo82arcx,64,3157,4.0,4.0,256.0,spike,False,10,1 2 3 4 5 10 11 12 13 14,10,1 2 3 4 5 10 11 12 13 14,2csfg963 o28uolg3 ihddncaw 87u3roas 830axqnj c7mw5cy0 76ujb34t n8wnpang up79iahx 2h15qt3h,120,10,1.0,4.0,3.1792256593704225,39849177493.28633,7398536513.397669,125487308800.0,
qo82arcx,64,22099,0.25,0.25,16.0,spike,False,10,1 2 3 4 5 10 11 12 13 14,10,1 2 3 4 5 10 11 12 13 14,o9aelq12 p0i2grw3 4s0wu3te 4dbbzhyt t33snuil 2l86o4hj dt2wz3te azzj2qyg oogxa1u6 mmk3e6nq,50535,10,1.0,4.0,2.715810489654541,75494902819.81052,18963764.629268628,187352924160.0,
qo82arcx,64,22099,0.25,0.5,16.0,spike,False,10,1 2 3 4 5 10 11 12 13 14,10,1 2 3 4 5 10 11 12 13 14,7wqbr0je 0um4l66m z76mgwin 5ye34k62 f5n0xh0q 8xahrmtm s5cs93bw qzpnzc7j e0z5iqor ntm6bqil,28912,10,1.0,4.0,2.715810441970825,88478131863.89348,41286837.44240895,241672355840.0,
qo82arcx,64,22099,0.25,1.0,16.0,spike,False,10,1 2 3 4 5 10 11 12 13 14,10,1 2 3 4 5 10 11 12 13 14,6gbmsja9 76lxen9b 9iqzuwrs jaipwnb7 xotcpkwo qtbaoyet pjp2l75m exkhg1h0 7bqsincj w93letv6,14876,10,1.0,4.0,2.715810441970825,453495275217.1382,116592559.6188927,1228226822144.0,
qo82arcx,64,22099,0.25,2.0,16.0,spike,False,10,1 2 3 4 5 10 11 12 13 14,10,1 2 3 4 5 10 11 12 13 14,zvokhpxf 8e8d9b5t rqp4mf2s e2m416ch l01zma3c 3s6a73xv w49hcxa1 i2a3mb3x nfzj9v8v ruwlcdd6,4973,10,1.0,4.0,2.715810489654541,179545016755.08173,221666577.55055022,478115856384.0,
qo82arcx,64,22099,0.25,4.0,16.0,spike,False,10,1 2 3 4 5 10 11 12 13 14,10,1 2 3 4 5 10 11 12 13 14,iu73dnat mkd07sxt p02p8fil nujrchuh b9j2sm9i lbjsr5wg uda5z7kc 2bpasipj l3io3x2y gras4et6,803,10,1.0,4.0,2.715810489654541,9657127318.90778,559078755.4850785,26181259264.0,
qo82arcx,64,22099,0.5,0.25,32.0,spike,False,10,1 2 3 4 5 10 11 12 13 14,10,1 2 3 4 5 10 11 12 13 14,lau6yhfv 8pfse6h0 sivh9wgl ykz2munp r9e5x2zs jnhuohrl fk9g1l9e dqjeu3yf dbg6dqbr h2xom8uj,91560,10,1.0,4.0,2.687380290031433,125860851.18103829,12458.209402639075,343306112.0,
qo82arcx,64,22099,0.5,0.5,32.0,spike,False,10,1 2 3 4 5 10 11 12 13 14,10,1 2 3 4 5 10 11 12 13 14,7975ai2v jajkani9 ed7cwtdw cvaju4my 2xke504l dc4gtkv5 yuxlkz62 00dp39s5 kss86xps qwocqqgm,26552,10,1.0,4.0,2.687380290031433,115431778395.00352,38884561.165252134,313206079488.0,
qo82arcx,64,22099,0.5,1.0,32.0,spike,False,10,1 2 3 4 5 10 11 12 13 14,10,1 2 3 4 5 10 11 12 13 14,p1zhevig mgwznv58 h6u3880k fxm8l6m4 mzh46pgl whr74aye cjxb7n8q sqgx2iay o5gva4op 35q57ek1,14137,10,1.0,4.0,2.687380290031433,60591474079.77356,39244863.51648289,153819103232.0,
qo82arcx,64,22099,0.5,2.0,32.0,spike,False,10,1 2 3 4 5 10 11 12 13 14,10,1 2 3 4 5 10 11 12 13 14,3q6wq688 v4241an6 k722nz82 5yst7wu8 mgm1qtmw wcpeiddo u1jxqpe3 a4fh7m1j 9b7ww65r kzvrdqov,8727,10,1.0,4.0,2.687380337715149,25307530899.71775,47281624.41198375,68748451840.0,
qo82arcx,64,22099,0.5,4.0,32.0,spike,False,10,1 2 3 4 5 10 11 12 13 14,10,1 2 3 4 5 10 11 12 13 14,kz13njsa yadqtmrp ivcryg4g cj7ex00w m59jn5no 0a6oyz5h 7l6jxv77 wmtdamzr qdgodh23 w2y9ptz0,958,10,1.0,4.0,2.687380290031433,9682006072.562143,468827246.82091415,26045462528.0,
qo82arcx,64,22099,1.0,0.25,64.0,ok,False,10,1 2 3 4 5 10 11 12 13 14,10,1 2 3 4 5 10 11 12 13 14,c9j49tya 99sgntqg dvy27b14 9vvf1c4u orfjs0dm ck1xdgi0 7xfly4p9 mimcn4lm cdghdjt5 btsf5r8u,45780,0,0.0,4.0,2.693966603279114,1.0719980321847593,2.6820118566640554,2.8490967750549316,
qo82arcx,64,22099,1.0,0.5,64.0,spike,False,10,1 2 3 4 5 10 11 12 13 14,10,1 2 3 4 5 10 11 12 13 14,b4zz0inu ercdsrd8 9apjc6jx vbnr4odx kkwiiiu7 iv4wz8km 57lx79wn knqzuq8f d1c36pjq mhb56r1c,45780,7,0.7,4.0,2.693966579437256,36493.40251797231,13.508020589819328,98613.453125,
qo82arcx,64,22099,1.0,1.0,64.0,spike,False,10,1 2 3 4 5 10 11 12 13 14,10,1 2 3 4 5 10 11 12 13 14,m2u0tl47 x4v525in eec0w5om etrobm1l mrfpx5oy jj5h4jgm 0ui1cbp4 0jcn9dtx gsbb9rp5 76ebwt0x,14872,10,1.0,4.0,2.6939666271209717,145525347478.72864,77315082.18456082,393097510912.0,
qo82arcx,64,22099,1.0,2.0,64.0,spike,False,10,1 2 3 4 5 10 11 12 13 14,10,1 2 3 4 5 10 11 12 13 14,cadiod9z 8uab1pba 73d3lcq1 8z9zby0s of76nvj7 ghzcu9jg pzzza4xm em2hxqrt urky3kky jpko7w5f,7535,10,1.0,4.0,2.693966579437256,335158797094.7952,372787747.06205964,905341173760.0,
qo82arcx,64,22099,1.0,4.0,64.0,spike,False,10,1 2 3 4 5 10 11 12 13 14,10,1 2 3 4 5 10 11 12 13 14,vnqkwjps 0aret2ss sb9ju9lo 037ke3hq ktcc9l4s 54larmce 4xll2p10 8ky063j1 4nppzdqa yn6a2rhy,899,10,1.0,4.0,2.693966603279114,6224437024.825416,436217081.35867274,16819841024.0,
qo82arcx,64,22099,2.0,0.25,128.0,ok,False,10,1 2 3 4 5 10 11 12 13 14,10,1 2 3 4 5 10 11 12 13 14,0p91zgpn 9pretrwe rzlxya3f yxwdgzah dua76wc6 nmegalnc ffo55f5u npi5aycx xc5g85p4 16ox5ukb,22890,0,0.0,4.0,2.687827706336975,1.0574731893181917,2.681038422978253,2.7899997234344482,
qo82arcx,64,22099,2.0,0.5,128.0,ok,False,10,1 2 3 4 5 10 11 12 13 14,10,1 2 3 4 5 10 11 12 13 14,u5rnx54z b650wzo5 30rzww4p r7pf4vrb p51h1l6p 7z24a62e rpq3f206 qgzwy9za zqfc2q09 qd8c74dq,22890,0,0.0,4.0,2.6878276824951173,1.0579877185754647,2.6820855698870902,2.791055917739868,
qo82arcx,64,22099,2.0,1.0,128.0,spike,False,10,1 2 3 4 5 10 11 12 13 14,10,1 2 3 4 5 10 11 12 13 14,ak4no0f6 t7kjpal1 s49r5nef ijqo907i hypfygzf f6m7xj5i w3145956 a0lt59zp 19ltouzt v2t9ot8j,22890,4,0.4,4.0,2.687827706336975,12300.49268583831,10.56252654646619,33028.8515625,
qo82arcx,64,22099,2.0,2.0,128.0,spike,False,10,1 2 3 4 5 10 11 12 13 14,10,1 2 3 4 5 10 11 12 13 14,rm22wugn q6gaz986 hstthj3m vrtb8anm i83b7qp7 bs9d08ow 3urny229 zumvhdk1 sysipc08 3489m8nw,9815,10,1.0,4.0,2.6878276824951173,64810690852.73923,59269037.371971294,174043201536.0,
qo82arcx,64,22099,2.0,4.0,128.0,spike,False,10,1 2 3 4 5 10 11 12 13 14,10,1 2 3 4 5 10 11 12 13 14,jofvlmu6 8badbu3r 2fn5gbhf b7x5ghmc k70rq3ec p0zj9qhl ng7dluho q0npmzvj kt7v44r9 71o4rffe,852,10,1.0,4.0,2.687827706336975,5496661569.492282,525959689.7128256,14766396416.0,
qo82arcx,64,22099,4.0,0.25,256.0,ok,False,10,1 2 3 4 5 10 11 12 13 14,10,1 2 3 4 5 10 11 12 13 14,7f5orzqa at3im0iz lh5qn8hi eigyv848 ulykc6oq yddnijz3 hvtw4ug8 1mpbcojm 2rjuh86a 4a46256r,11450,0,0.0,4.0,2.696863627433777,1.0354464679817459,2.6829658728395485,2.764402389526367,
qo82arcx,64,22099,4.0,0.5,256.0,ok,False,10,1 2 3 4 5 10 11 12 13 14,10,1 2 3 4 5 10 11 12 13 14,23t8rtjs o0ntkjnt 6dlc69qz j5s3fg7u 1antgrk8 zc8w6gzu j09fiu5w jpmyu098 x7zbxmcp 25smoncw,11450,0,0.0,4.0,2.696863627433777,1.0353734235889043,2.681176936116281,2.7646548748016357,
qo82arcx,64,22099,4.0,1.0,256.0,ok,False,10,1 2 3 4 5 10 11 12 13 14,10,1 2 3 4 5 10 11 12 13 14,hjio6kuj f1af5fk5 allqr0qt 1uh7cu1i od2o4iw7 ba35mit9 es82dlt9 mnzyrk5i gv6avnjg zq1zi6kg,11450,0,0.0,4.0,2.696863627433777,1.036403197538413,2.682405922194235,2.767963409423828,
qo82arcx,64,22099,4.0,2.0,256.0,ok,False,10,1 2 3 4 5 10 11 12 13 14,10,1 2 3 4 5 10 11 12 13 14,xpr1b20u z3uwvir8 5m5q78dk 3e9vcx73 4l3vazgg ixztu45w ns31pprc uj8e2z46 xyb0tqgl nr98zbf6,11450,0,0.0,4.0,2.696863627433777,3.976275515532894,2.696093473892545,10.619790077209473,
qo82arcx,64,22099,4.0,4.0,256.0,spike,False,10,1 2 3 4 5 10 11 12 13 14,10,1 2 3 4 5 10 11 12 13 14,tci7hqb3 evz6w3gu maiq6n2o tjesxp14 49rkcwai gfslnwaz 5rvi15py xbsj5qhk jg0yrbzg 0xnztrdw,783,10,1.0,4.0,2.696863627433777,5265628246.160453,513901165.81447613,14185927680.0,
qo82arcx,64,45777,0.25,0.25,16.0,ok,False,10,1 2 3 4 5 10 11 12 13 14,10,1 2 3 4 5 10 11 12 13 14,0se9d2hl 233rodnh gvcrtnls 5ioxn1h2 2ou2pl19 upjxj5fa 06bkr0et sgckv3i7 onnc7e8t 6gmj2fqh,183110,0,0.0,4.0,2.6249653577804564,1.2057979957263492,2.6009245938941223,2.968719959259033,
qo82arcx,64,45777,0.25,0.5,16.0,ok,False,10,1 2 3 4 5 10 11 12 13 14,10,1 2 3 4 5 10 11 12 13 14,2ous9qeh 4tfvgiu3 u9w7bxar eih9tv2i 8m9gtale 8oxzmem0 eg5yd1bg l9ae5j4v lkcfqppe c6irgyie,183110,0,0.0,4.0,2.6249653577804564,1.2092854194834395,2.6114781942967022,2.9773061275482178,
qo82arcx,64,45777,0.25,1.0,16.0,spike,False,10,1 2 3 4 5 10 11 12 13 14,10,1 2 3 4 5 10 11 12 13 14,sj0lszci 1x3616ci o0rru4lp wih45zhc i268qrwo k7ucwd0k j9won2dv 19i2jfyn t23owx49 yz6dl809,183110,10,1.0,4.0,2.6249653339385985,20479681.037817337,670.5722726497727,50421744.0,
qo82arcx,64,45777,0.25,2.0,16.0,spike,False,10,1 2 3 4 5 10 11 12 13 14,10,1 2 3 4 5 10 11 12 13 14,m1oy50vt yux94tx4 dkiljlsh 2hmid1ue vdnqmw2a f3uj5gkk z0aqi75q 1lae0g1e 9dr16bb5 svzi86cx,35728,10,1.0,4.0,2.6249653339385985,22286869275.52632,14820301.060792249,58041470976.0,
qo82arcx,64,45777,0.25,4.0,16.0,spike,False,10,1 2 3 4 5 10 11 12 13 14,10,1 2 3 4 5 10 11 12 13 14,57xyaide bynapi2g j6uf25nx zbkvojcm 438btd0l h7tmskqh sbmqfa3w nw5f7oft u4b03mbb 43ffcvzq,11599,10,1.0,4.0,2.6249653816223146,45874280425.71236,58582398.82364738,120215601152.0,
qo82arcx,64,45777,0.5,0.25,32.0,ok,False,10,1 2 3 4 5 10 11 12 13 14,10,1 2 3 4 5 10 11 12 13 14,5npbdots txx608gc kewmyjbg 6lqg7e2u onixfofl fz1tpx4r 2cupybnh 1jr0en5w 59olgmlf eddvkfob,91560,0,0.0,4.0,2.599788761138916,1.1176052430656895,2.597229339824904,2.87423038482666,
qo82arcx,64,45777,0.5,0.5,32.0,ok,False,10,1 2 3 4 5 10 11 12 13 14,10,1 2 3 4 5 10 11 12 13 14,v6i4byko 7wjwsniv v63gmhk0 yas7z95n j5sn2hzs lqc4evp1 41r7bzq2 vg00bp0m l6jivj4d rkotzd72,91560,0,0.0,4.0,2.599788784980774,1.1188507711350661,2.6009263122482764,2.878300666809082,
qo82arcx,64,45777,0.5,1.0,32.0,ok,False,10,1 2 3 4 5 10 11 12 13 14,10,1 2 3 4 5 10 11 12 13 14,id2dge3x hlj5nu09 8kpewrfc 4wrmrocv i2toolir cj3lkbdo hsgp0d3u 6s0jss25 l5xo7cln 216y0wj5,91560,0,0.0,4.0,2.599788784980774,1.122137120151199,2.6114903711449795,2.8896639347076416,
qo82arcx,64,45777,0.5,2.0,32.0,spike,False,10,1 2 3 4 5 10 11 12 13 14,10,1 2 3 4 5 10 11 12 13 14,f5yiw22b mcm55xwm 7r5rdnql jfzi8h0x l0sjiugk koexzej5 lqjsonos 9l8hkbn7 5eze4uj0 tdst3wml,91560,10,1.0,4.0,2.599788784980774,15670714.703330949,1370.2528939662122,39607816.0,
qo82arcx,64,45777,0.5,4.0,32.0,spike,False,10,1 2 3 4 5 10 11 12 13 14,10,1 2 3 4 5 10 11 12 13 14,p9xdv1vd 3ffwvpxr n4qfdlnu bftmbuh6 uaybgolq q4n8vfbc 3rrscmdj t5hkeyui xpittald zh9munfu,18435,10,1.0,4.0,2.599788784980774,96319780443.05652,49384413.932242215,256759267328.0,
qo82arcx,64,45777,1.0,0.25,64.0,ok,False,10,1 2 3 4 5 10 11 12 13 14,10,1 2 3 4 5 10 11 12 13 14,ew7ygzwc tb5xw1n4 yq3bihhz w5wdshca x1jv55ga tcl9vuzt 7pfqdyt5 e04ti3ye asdxnlet 7b4u8swi,45780,0,0.0,4.0,2.601657009124756,1.0836109811877048,2.596219179587574,2.771857261657715,
qo82arcx,64,45777,1.0,0.5,64.0,ok,False,10,1 2 3 4 5 10 11 12 13 14,10,1 2 3 4 5 10 11 12 13 14,fjwvtu6y ruds11ck mm297aho a2fwc2gi x6yfk7pm 1m2k4ghz ksy9dcml ae5d607v 0m8pp400 psfpq9gc,45780,0,0.0,4.0,2.601656985282898,1.0841617023851688,2.5972305473514705,2.7730727195739746,
qo82arcx,64,45777,1.0,1.0,64.0,ok,False,10,1 2 3 4 5 10 11 12 13 14,10,1 2 3 4 5 10 11 12 13 14,wwimnrg7 589z7uop r0a80b7t t0e3iec0 5zjex4sj 5v046jro ga7e7f2z bghesgnu l4wz2rxb yc4f4ls1,45780,0,0.0,4.0,2.601657009124756,1.0856928365869973,2.6009351369750293,2.777064323425293,
qo82arcx,64,45777,1.0,2.0,64.0,ok,False,10,1 2 3 4 5 10 11 12 13 14,10,1 2 3 4 5 10 11 12 13 14,i6xbsok7 3nil7qlf 4e74ryon qktwxi1c nvmni8kh 7e0hs4to bzyc42pn kopt5fjr uaepcdd4 7r6c1coo,45780,0,0.0,4.0,2.601656985282898,1.0897476958748744,2.6115358236003727,2.7883334159851074,
qo82arcx,64,45777,1.0,4.0,64.0,spike,False,10,1 2 3 4 5 10 11 12 13 14,10,1 2 3 4 5 10 11 12 13 14,gpo0kv31 v57i7qms z0z0no2n fi7bqr2p vuil56oa hf2mmxr5 z75jo2dq 6c1614wk ooa6ss9n 2jp3wvj1,45780,8,0.8,4.0,2.601657009124756,2075698.9361065754,327.8982017736292,5419171.0,
qo82arcx,64,45777,2.0,0.25,128.0,ok,False,10,1 2 3 4 5 10 11 12 13 14,10,1 2 3 4 5 10 11 12 13 14,4f5ximrv w308142c 1qupu3rl 9zj5dpny iy26lykv s436lhat jbs9jgzj svmlx136 kqj27o2x rf6agblh,22890,0,0.0,4.0,2.6009816408157347,1.0616737554641187,2.5961712699105197,2.711064577102661,
qo82arcx,64,45777,2.0,0.5,128.0,ok,False,10,1 2 3 4 5 10 11 12 13 14,10,1 2 3 4 5 10 11 12 13 14,v3pku522 pn3mvsuw len1rjy5 8u89ycix fxkch6bg recmo3v7 wg1p43hg 870d2kwy mol6ploj 6b610ea5,22890,0,0.0,4.0,2.600981664657593,1.0616580199260617,2.5962254782231318,2.7107553482055664,
qo82arcx,64,45777,2.0,1.0,128.0,ok,False,10,1 2 3 4 5 10 11 12 13 14,10,1 2 3 4 5 10 11 12 13 14,th95pczn u7yzfq3t vgd144kp lm3816ux atl3qilh a82oqq65 v12nstlx 9a09fo4r 2e5qzqb2 43tv3xuq,22890,0,0.0,4.0,2.600981616973877,1.0620383012398575,2.597246633007205,2.7115581035614014,
qo82arcx,64,45777,2.0,2.0,128.0,ok,False,10,1 2 3 4 5 10 11 12 13 14,10,1 2 3 4 5 10 11 12 13 14,q0bpugit 1b9x0z6z f5tkf1oh adrjvfmk iauw5hp5 1z0xa750 bccmkfg6 g18yo38y j81dpktz 43idhl89,22890,0,0.0,4.0,2.600981664657593,1.0634432541842014,2.6009739545507164,2.7161178588867188,
qo82arcx,64,45777,2.0,4.0,128.0,ok,False,10,1 2 3 4 5 10 11 12 13 14,10,1 2 3 4 5 10 11 12 13 14,cvwfx5ay dpgum0z0 ydg9g1l8 sencc3xn 2ogjd24a uq8jbwkm whotgpjk v8ljo9nx 3cqqg5se fgekik2c,22890,0,0.0,4.0,2.6009816408157347,1.0677901965724625,2.6116776003593856,2.727879285812378,
qo82arcx,64,45777,4.0,0.25,256.0,ok,False,10,1 2 3 4 5 10 11 12 13 14,10,1 2 3 4 5 10 11 12 13 14,sia7ghl3 s70gofvm os6m0ifj h3uue850 t73z5uww vm9fehml omnyqptr hqk7rj20 iun69pjl fp073gr3,11450,0,0.0,4.0,2.6032983541488646,1.0413228883208676,2.596387750050907,2.6796884536743164,
qo82arcx,64,45777,4.0,0.5,256.0,ok,False,10,1 2 3 4 5 10 11 12 13 14,10,1 2 3 4 5 10 11 12 13 14,nvebepwy l9lyzp15 u3coz41q dmqh9ef9 khnu9db0 8wufil82 99saz9yp a2pmcfxh en98zgc3 8zqd756q,11450,0,0.0,4.0,2.6032983541488646,1.041427859751128,2.596177579138477,2.6799585819244385,
qo82arcx,64,45777,4.0,1.0,256.0,ok,False,10,1 2 3 4 5 10 11 12 13 14,10,1 2 3 4 5 10 11 12 13 14,ahevcle1 ius1xjim gula76yl c5lm2sm5 k0611zi8 rqp01d3r jnhjb6ij 2xn4kfxm 64k8pu9e bg8sspjj,11450,0,0.0,4.0,2.6032983303070067,1.0416331701566501,2.596248439826299,2.6804869174957275,
qo82arcx,64,45777,4.0,2.0,256.0,ok,False,10,1 2 3 4 5 10 11 12 13 14,10,1 2 3 4 5 10 11 12 13 14,xzd921bc a2jz9x5e 1ylhg55w 143tza23 urli2qej uckwggu1 kc3efyi8 xw98anqp wu13uubm irjuah9o,11450,0,0.0,4.0,2.6032983541488646,1.042302374605697,2.5973133423442922,2.682209014892578,
qo82arcx,64,45777,4.0,4.0,256.0,ok,False,10,1 2 3 4 5 10 11 12 13 14,10,1 2 3 4 5 10 11 12 13 14,99u8d0j7 vy48l52x vjd0q2v8 efb3uwk0 omowhsxr q6fitnc4 hs0pdydm 0y0z7ql8 9a1bfm5b mqdxeoxy,11450,0,0.0,4.0,2.6032983541488646,1.0440249066722453,2.6011564547318033,2.6866416931152344,
y4x9hkol,1024,197,0.25,0.25,256.0,ok,False,10,1 2 3 4 5 10 11 12 13 14,10,1 2 3 4 5 10 11 12 13 14,h5xs7qc3 i1bdpjl7 00b3za7a 96xi9tn1 y2s4bvu3 81oewv9t 03nqqtra 56cmg173 6d6reglb i9yepk82,11450,0,0.0,4.0,5.153976058959961,1.0072515985078088,4.7784964717215335,5.1831374168396,
y4x9hkol,1024,197,0.25,0.5,256.0,ok,False,10,1 2 3 4 5 10 11 12 13 14,10,1 2 3 4 5 10 11 12 13 14,q3i2mlg0 1qt02s5j mnclfsb9 064d2deb 7ymsmd60 zc1t9gw4 h6955e0m uijm4nf6 skl1agaf os24aqq9,11450,0,0.0,4.0,5.153976058959961,1.0072578161257355,4.7221139199036175,5.183338642120361,
y4x9hkol,1024,197,0.25,1.0,256.0,spike,False,10,1 2 3 4 5 10 11 12 13 14,10,1 2 3 4 5 10 11 12 13 14,8uyru6kb z34ziw5i n39suo26 qwjq1jew f3m23lww ih0fbpki sk94maci nbm2nlpf bc1advrr sh13ace3,11450,5,0.5,4.0,5.153976058959961,2266.682208233524,5.905358722636794,11708.4111328125,
y4x9hkol,1024,197,0.25,2.0,256.0,spike,False,10,1 2 3 4 5 10 11 12 13 14,10,1 2 3 4 5 10 11 12 13 14,qeakdpfc 8b8grt9r qdnm0ogw uyeyp9bx qyjj45ln otx9t3iw bji4auj6 lpqx8lov jhj458jd 60he4kgh,142,10,1.0,4.0,5.153976058959961,15253655886.664024,2596582273.259067,78850179072.0,
y4x9hkol,1024,197,0.25,4.0,256.0,spike,False,10,1 2 3 4 5 10 11 12 13 14,10,1 2 3 4 5 10 11 12 13 14,wfgkvpzv aky24vsv jacmn5sx jd2z5wc2 gsj5jomj 76v77e36 x01y1q8k 82ygi019 f9sqp5ep hew8uz1v,80,10,1.0,4.0,5.153976058959961,5029008961.077748,2880003597.881345,25904998400.0,
y4x9hkol,1024,197,0.5,0.25,512.0,ok,False,10,1 2 3 4 5 10 11 12 13 14,10,1 2 3 4 5 10 11 12 13 14,toc3rycy sfii0mvp qa264ngk mjix3g8k 3sne8feh 6xk1msz2 zwaquxof hyzwb36n yhwfa62t sacw5yv4,5730,0,0.0,4.0,5.155337572097778,1.0039830776608474,4.8414251771064745,5.1702046394348145,
y4x9hkol,1024,197,0.5,0.5,512.0,ok,False,10,1 2 3 4 5 10 11 12 13 14,10,1 2 3 4 5 10 11 12 13 14,ust4gn0q vnmt606q i5pxux2e 72andyaw vkbz28w4 k6pxp3o6 utp5uin3 oeyyb0fx tok0bdxs qed3znmk,5730,0,0.0,4.0,5.155337572097778,1.0039279834817465,4.779029870324526,5.169920921325684,
y4x9hkol,1024,197,0.5,1.0,512.0,ok,False,10,1 2 3 4 5 10 11 12 13 14,10,1 2 3 4 5 10 11 12 13 14,cr6m91lz jgxk7799 h0odgg8f yb3d1nhy rbfokq4p fp1l2giu 1u0dkfgx sxb4jbo2 n5hth5g0 sgqi8a1a,5730,0,0.0,4.0,5.155337572097778,1.0076475350354996,4.724302063687309,5.189075469970703,
y4x9hkol,1024,197,0.5,2.0,512.0,spike,False,10,1 2 3 4 5 10 11 12 13 14,10,1 2 3 4 5 10 11 12 13 14,zfp8ail5 wd5vmpak b49cndk0 tpjwoa3k ymktrhkb e55er6j3 ic0fqhj8 3aqaxzge xdad8d4o s052j44b,140,10,1.0,4.0,5.155337572097778,6892210594.348225,1610031602.6083543,35519320064.0,
y4x9hkol,1024,197,0.5,4.0,512.0,spike,False,10,1 2 3 4 5 10 11 12 13 14,10,1 2 3 4 5 10 11 12 13 14,nwx16mnv e8ksr4jw pghxtrrh ocpqnd41 7ua6vyo8 1fokymeq 4tcdyr7y xh1o9h7q 3slyu8u4 gqv2colg,80,10,1.0,4.0,5.155337619781494,5035654040.911836,2768100224.86784,25951471616.0,
y4x9hkol,1024,197,1.0,0.25,1024.0,ok,False,10,1 2 3 4 5 10 11 12 13 14,10,1 2 3 4 5 10 11 12 13 14,7n2i6sv6 9pwxcemb tbl5nynu e6kkt7te o3k2gpbb ij1ofgfi v01whhi2 mihj4l0y xw7xh5kb jv7q3is5,2870,0,0.0,4.0,5.15655107498169,1.0029768325017014,4.903757296538934,5.163376808166504,
y4x9hkol,1024,197,1.0,0.5,1024.0,ok,False,10,1 2 3 4 5 10 11 12 13 14,10,1 2 3 4 5 10 11 12 13 14,rprm4fg3 etq1gegy t6v2ezum winkldzn tnwy0j5i ban4iiid a93s59qg so03f9c7 u2afq6zn 57sflm49,2870,0,0.0,4.0,5.156551027297974,1.002819590398244,4.842343745580534,5.163376808166504,
y4x9hkol,1024,197,1.0,1.0,1024.0,ok,False,10,1 2 3 4 5 10 11 12 13 14,10,1 2 3 4 5 10 11 12 13 14,jd6kb23y gcc6tsbv lxuon29f 6cv8zazo 9jrmvmdb u7qpvgid rjavolow b0f6m38h 658ow532 68jzfuyl,2870,0,0.0,4.0,5.156551027297974,1.0060548420357338,4.781592471757417,5.171856880187988,
y4x9hkol,1024,197,1.0,2.0,1024.0,spike,False,10,1 2 3 4 5 10 11 12 13 14,10,1 2 3 4 5 10 11 12 13 14,p1g9plal eyryt9kd c0watdv9 pw8xuoef ybkziy73 f8bm7bhn lwvzq2ns ck0p65cp i1dhwbsg 9t08kck7,141,10,1.0,4.0,5.156551027297974,17207600170.47712,2051588284.5982807,88800002048.0,
y4x9hkol,1024,197,1.0,4.0,1024.0,spike,False,10,1 2 3 4 5 10 11 12 13 14,10,1 2 3 4 5 10 11 12 13 14,e8zgl0t6 9cx9jwr4 kwm7cjib krang1jr shy6fcyr 2hygglq7 pt67zvh3 cct6eplo iz2ee9jw orb7b58s,80,10,1.0,4.0,5.156551027297974,4638875395.775048,2669014507.151503,23934795776.0,
y4x9hkol,1024,197,2.0,0.25,2048.0,ok,False,10,1 2 3 4 5 10 11 12 13 14,10,1 2 3 4 5 10 11 12 13 14,jsofk233 gf1mgtpv tfdr6uqt smtgb0jj 6n4xlmqc m6gkunuu ygg2glom depw5uqe ad7zbqup mhsj6pef,1440,0,0.0,4.0,5.156155633926391,1.0,4.962428872121705,5.161776065826416,
y4x9hkol,1024,197,2.0,0.5,2048.0,ok,False,10,1 2 3 4 5 10 11 12 13 14,10,1 2 3 4 5 10 11 12 13 14,ekw1er5g 9pu1f4f3 r1rrt9ef xs80024r kdru2j2e 4zg4eqde jnifq0ab uudxr4x6 iolk0jtb v8rihuah,1440,0,0.0,4.0,5.156155586242676,1.0,4.90584086113506,5.161776065826416,
y4x9hkol,1024,197,2.0,1.0,2048.0,ok,False,10,1 2 3 4 5 10 11 12 13 14,10,1 2 3 4 5 10 11 12 13 14,iavjh0nq xbwphpcy 3h93i347 m6buszbd 6vpca46w jci2h4pa x3i47sxz hqlz2zxb fct123l0 hg7n866n,1440,0,0.0,4.0,5.156155633926391,1.0030328128267818,4.847009517418014,5.172885894775391,
y4x9hkol,1024,197,2.0,2.0,2048.0,spike,False,10,1 2 3 4 5 10 11 12 13 14,10,1 2 3 4 5 10 11 12 13 14,80gmvsmc vj0q55r1 njye69tl 4ppj3dmc h9awnbdd d0sru7gd 2sv8evq9 5r90xw8n l0z84gz3 qp2580qn,140,10,1.0,4.0,5.156155586242676,5305029617.624556,1533364860.7107334,27355015168.0,
y4x9hkol,1024,197,2.0,4.0,2048.0,spike,False,10,1 2 3 4 5 10 11 12 13 14,10,1 2 3 4 5 10 11 12 13 14,hn2u7s5f kdr65s24 c5osus8k 7o6b4kzl dv06oj4t b8ctvcg4 3myzxv22 idkmh7j8 kpuudjr6 smcagd0n,80,10,1.0,4.0,5.156155633926391,4671418702.9757595,2776557934.2921667,24087846912.0,
y4x9hkol,1024,197,4.0,0.25,4096.0,ok,False,10,1 2 3 4 5 10 11 12 13 14,10,1 2 3 4 5 10 11 12 13 14,e2y7yj0f b93zlqvy l9zo8e92 q2bgzahz xud8bhtd v7vog3ru 965u1csl shivvzcz spnmurk9 fzbag6p7,720,0,0.0,4.0,5.155428457260132,1.000725083028398,5.0162803126706015,5.1615400314331055,
y4x9hkol,1024,197,4.0,0.5,4096.0,ok,False,10,1 2 3 4 5 10 11 12 13 14,10,1 2 3 4 5 10 11 12 13 14,1mot1n72 xzw3iimf be1m5cqs 9v1r1iru 9d2hrpeb 70vm1727 yrjwwo90 g0v3eds4 o65xm4tk z187qpd2,720,0,0.0,4.0,5.155428409576416,1.0006252312776809,4.967646708091101,5.161539554595947,
y4x9hkol,1024,197,4.0,1.0,4096.0,ok,False,10,1 2 3 4 5 10 11 12 13 14,10,1 2 3 4 5 10 11 12 13 14,3ub9lhws 4rhf1094 9so3z07t tr9uyltp iy4hw0f5 1rj4ynz0 hl9cryks zyi0fg3b cws3979p kr59iq8v,720,0,0.0,4.0,5.155428457260132,1.0040932733914072,4.9159173429012295,5.170783996582031,
y4x9hkol,1024,197,4.0,2.0,4096.0,spike,False,10,1 2 3 4 5 10 11 12 13 14,10,1 2 3 4 5 10 11 12 13 14,1xuc6id4 rt0oqzr8 zs6omlnk tqqjaj7x 0fy1hp75 xqujq4rj ctif24vi 1r6v803k h6xpfzcn 2vxhlpz5,140,10,1.0,4.0,5.155428457260132,4577510972.403786,1600037477.8207822,23587121152.0,
y4x9hkol,1024,197,4.0,4.0,4096.0,spike,False,10,1 2 3 4 5 10 11 12 13 14,10,1 2 3 4 5 10 11 12 13 14,htqq4ld2 cgrcdd3g 2flagusm r7gladuo 3anh0zmo ge1zwzbz f9n0dne7 4dv1tgjk alrvlzgg ux9zzjbt,80,10,1.0,4.0,5.155428457260132,4667628097.432928,2795802039.2003317,24069992448.0,
y4x9hkol,1024,1381,0.25,0.25,256.0,ok,False,10,1 2 3 4 5 10 11 12 13 14,10,1 2 3 4 5 10 11 12 13 14,dfss8ptm x30sxd0o k9x6dypr h1bufass jfv42mkt xvwfr5e3 m8jbo25n 8ezifxo2 qym826wt l7w47648,11450,0,0.0,4.0,3.0598801374435425,1.03036203842568,3.034394890772724,3.1303954124450684,
y4x9hkol,1024,1381,0.25,0.5,256.0,spike,False,10,1 2 3 4 5 10 11 12 13 14,10,1 2 3 4 5 10 11 12 13 14,sjuwn2la t4is4g9c uddymu3h tuxjag7h 8zw8cx97 fi02ovfj 91acsh3o 0a4vb4yo gumv19vh 0rxy3va6,11450,7,0.7,4.0,3.0598801374435425,63110.16378141712,74.31707357056797,192742.8125,
y4x9hkol,1024,1381,0.25,1.0,256.0,spike,False,10,1 2 3 4 5 10 11 12 13 14,10,1 2 3 4 5 10 11 12 13 14,cxyae5rl 1wmraech g6gxgoo9 k8lo8snc 4vyjg7ty tylwu7ql feeyvlos 8e4u3lft ync0owmr a2kjcbjt,6639,10,1.0,4.0,3.0598801374435425,37271000646.91003,54364069.38323476,115348496384.0,
y4x9hkol,1024,1381,0.25,2.0,256.0,spike,False,10,1 2 3 4 5 10 11 12 13 14,10,1 2 3 4 5 10 11 12 13 14,gm1qxudg 0zjbw8tp 4tkcb7to ab0lvf04 ej4l8i19 t9ktn12v b19paql8 tribrkgg dy2dzzvs f29okaok,140,10,1.0,4.0,3.0598801374435425,12233460012.385366,1847943731.764351,37860835328.0,
y4x9hkol,1024,1381,0.25,4.0,256.0,spike,False,10,1 2 3 4 5 10 11 12 13 14,10,1 2 3 4 5 10 11 12 13 14,opi1d76v fe7ovs9e km5b79c8 jieptbgg 5jbkza4p 1k0ujrsf 6m8fhl3w 435s0cf8 w6sq1hun 2nlgyvhi,90,10,1.0,4.0,3.0598801374435425,198770009854.3536,47373888675.03497,613031280640.0,
y4x9hkol,1024,1381,0.5,0.25,512.0,ok,False,10,1 2 3 4 5 10 11 12 13 14,10,1 2 3 4 5 10 11 12 13 14,kpr307q3 zr9wxt36 85d456dt ao9tsj61 gxg745ql rkurctfb 5olylmf7 gzxtj3b6 m22ss3hr h4hbbnml,5730,0,0.0,4.0,3.0597456216812136,1.0178134883981467,3.0266312961595014,3.0936763286590576,
y4x9hkol,1024,1381,0.5,0.5,512.0,ok,False,10,1 2 3 4 5 10 11 12 13 14,10,1 2 3 4 5 10 11 12 13 14,qk9u076q 4l3k1yf7 d2z2stpa 5m8iej2i xk1oejsu o0m5cpy1 lpcysrxc ozosk0qi 2b4bunuz w4jaym79,5730,0,0.0,4.0,3.0597456216812136,1.0214255080266796,3.0345435241546097,3.106544017791748,
y4x9hkol,1024,1381,0.5,1.0,512.0,spike,False,10,1 2 3 4 5 10 11 12 13 14,10,1 2 3 4 5 10 11 12 13 14,ugg33go7 50q4zevi tj8rtqqb mn8l7r22 siv347pd lwdfju3o 1ow1tvlb fx8z802w 5i5mro95 iwpf9o3n,5730,1,0.1,4.0,3.0597456216812136,194.91096988357205,3.5880499506079913,597.5919189453125,
y4x9hkol,1024,1381,0.5,2.0,512.0,spike,False,10,1 2 3 4 5 10 11 12 13 14,10,1 2 3 4 5 10 11 12 13 14,7p0h6dqn y14c8gtm 62d5h0ki xl3h12w9 9l0cxpjd vuvhonii 9ak437xz st4x07ni dhlescyk 0ujub1m8,140,10,1.0,4.0,3.0597456216812136,12340339811.110489,2251820083.561902,37814239232.0,
y4x9hkol,1024,1381,0.5,4.0,512.0,spike,False,10,1 2 3 4 5 10 11 12 13 14,10,1 2 3 4 5 10 11 12 13 14,7ahz6nv0 mr9gc36g lmefllwg xl0432wx zutj2xto iljfnsgy 240dcvwk qw3asgdv uu9qdhab wctvels7,90,10,1.0,4.0,3.0597456216812136,199326538413.88037,50701726303.579956,610792046592.0,
y4x9hkol,1024,1381,1.0,0.25,1024.0,ok,False,10,1 2 3 4 5 10 11 12 13 14,10,1 2 3 4 5 10 11 12 13 14,c608k0ak 4mls0373 aurwz1ku otpjss48 ci6gm86n fz5kyj8v yxdu6enh al2929or fbbhei8o xlpjd8t3,2870,0,0.0,4.0,3.0558954238891602,1.0131868042256926,3.0293356379565464,3.0833871364593506,
y4x9hkol,1024,1381,1.0,0.5,1024.0,ok,False,10,1 2 3 4 5 10 11 12 13 14,10,1 2 3 4 5 10 11 12 13 14,frx237lu povet7vu b6t6zg0y whece9pt bbzvzjy2 t274llpr 2dnc6kp7 vgwtpm0d seiumhax n5lykboy,2870,0,0.0,4.0,3.0558954238891602,1.0137279887014607,3.0269390423538796,3.0850253105163574,
y4x9hkol,1024,1381,1.0,1.0,1024.0,ok,False,10,1 2 3 4 5 10 11 12 13 14,10,1 2 3 4 5 10 11 12 13 14,6fsydoiv utslalzj llpcm2jl ot0nvw2c 7jn173e1 65qsqy2e bmfybkya up54v3xh xkt5mwnr o01zyp2k,2870,0,0.0,4.0,3.0558954238891602,1.0178804935771784,3.0358145753681036,3.0964901447296143,
y4x9hkol,1024,1381,1.0,2.0,1024.0,spike,False,10,1 2 3 4 5 10 11 12 13 14,10,1 2 3 4 5 10 11 12 13 14,z2egklqp vr0qomoc gf9jm2mu 0f7686un wzah9pgo x4wbygvn 0so2qsw0 kk59bftf ygh7ynhw dq2wywcd,140,10,1.0,4.0,3.0558954238891602,10349134371.018324,2065093474.4383938,31746002944.0,
y4x9hkol,1024,1381,1.0,4.0,1024.0,spike,False,10,1 2 3 4 5 10 11 12 13 14,10,1 2 3 4 5 10 11 12 13 14,tz43f5qe t9gw0y6c 1pwdcntk a01k0l6s zj802ojg 0pqliutl jt2rd9az ofhbn3eq oawuh823 66mr41qa,90,10,1.0,4.0,3.0558954238891602,166963100483.9521,47261846473.30184,507680194560.0,
y4x9hkol,1024,1381,2.0,0.25,2048.0,ok,False,10,1 2 3 4 5 10 11 12 13 14,10,1 2 3 4 5 10 11 12 13 14,il52sqt5 manb6d0s qpoe86aj nxde86am 6w2r292m lwq5m7uo 9v2h95p2 8fv4vpey q0ff1gaq h80rqexr,1440,0,0.0,4.0,3.0553382873535155,1.0084173340341374,3.0350188434123995,3.070740222930908,
y4x9hkol,1024,1381,2.0,0.5,2048.0,ok,False,10,1 2 3 4 5 10 11 12 13 14,10,1 2 3 4 5 10 11 12 13 14,2adphw4r t7fktrz7 q68uthj2 d1wnlx1j 5xi08xj4 arf87pcs rdsul2tc 6bkbyky8 ebw0u8s5 kxzfmxb8,1440,0,0.0,4.0,3.0553382873535155,1.0081097193916178,3.0301278765002886,3.0737202167510986,
y4x9hkol,1024,1381,2.0,1.0,2048.0,ok,False,10,1 2 3 4 5 10 11 12 13 14,10,1 2 3 4 5 10 11 12 13 14,a8pgsu51 aca7ej9t o7rkrgcd lc051iuj zc6moqlu j0ry93o2 stqeafqi n05m6chw zjy0qj0k ha8cix0w,1440,0,0.0,4.0,3.0553382873535155,1.0118757443854838,3.0288111279408136,3.0815024375915527,
y4x9hkol,1024,1381,2.0,2.0,2048.0,spike,False,10,1 2 3 4 5 10 11 12 13 14,10,1 2 3 4 5 10 11 12 13 14,mvypwpn1 d5lx64my 06oxb2b1 ecmtpwep y2td3j3x gex062ce mkpnedi0 ibrx34vs s48kosuf wawf49lt,140,10,1.0,4.0,3.0553382873535155,10540770603.346659,2099287167.950735,32167954432.0,
y4x9hkol,1024,1381,2.0,4.0,2048.0,spike,False,10,1 2 3 4 5 10 11 12 13 14,10,1 2 3 4 5 10 11 12 13 14,51s2skca 1hfdhjwb unkrw979 e5rj7gu6 46dvaynx tafu4vgn lvzi2j5q gcinow8d re0bjaos 75yeqe2m,90,10,1.0,4.0,3.0553382873535155,150806247065.89975,46678307105.62048,458533142528.0,
y4x9hkol,1024,1381,4.0,0.25,4096.0,ok,False,10,1 2 3 4 5 10 11 12 13 14,10,1 2 3 4 5 10 11 12 13 14,wqg9un4i uv563uwu 0g274r3q 7dybxofj pb2wwwnl 482yo8qo sqvj5qm9 ee50zk88 hm7bo1ou 5zq1a24n,720,0,0.0,4.0,3.0546887636184694,1.0042104220716388,3.040932508971956,3.0650150775909424,
y4x9hkol,1024,1381,4.0,0.5,4096.0,ok,False,10,1 2 3 4 5 10 11 12 13 14,10,1 2 3 4 5 10 11 12 13 14,aqe3xr3v fxsguhj9 xoz57nmf 1u38rkql vjn0qkdu c7v76fl6 0gy37j52 h7os5dzu sb1wrqet rs7ds95l,720,0,0.0,4.0,3.0546887636184694,1.0048471677411814,3.0368039286798902,3.0675079822540283,
y4x9hkol,1024,1381,4.0,1.0,4096.0,ok,False,10,1 2 3 4 5 10 11 12 13 14,10,1 2 3 4 5 10 11 12 13 14,mv548228 dvv3ft2p 4u4upzaz tuzn3f2i hfdjmw6d a754l27l u4lhpo7c 9gawr2xp rt1xuamj 8tqwyqie,720,0,0.0,4.0,3.0546887636184694,1.0079985894597159,3.033932234843572,3.07796573638916,
y4x9hkol,1024,1381,4.0,2.0,4096.0,spike,False,10,1 2 3 4 5 10 11 12 13 14,10,1 2 3 4 5 10 11 12 13 14,vwhzx8zb 2m0f827u s1lorhnh f6uzryuc dx8h0um4 zy5hrga2 tzipcrrt v5xa4vak m10uptnj b693kueb,140,10,1.0,4.0,3.0546887636184694,9181419303.633398,1907137345.3860219,28041342976.0,
y4x9hkol,1024,1381,4.0,4.0,4096.0,spike,False,10,1 2 3 4 5 10 11 12 13 14,10,1 2 3 4 5 10 11 12 13 14,jkkdzz32 676qmy4y u60ojgx5 3cpwopao htctdtfg 5cxpmnr5 k0aisbbn 98r8umjs ml9xmh8j tz1p8681,90,10,1.0,4.0,3.0546887636184694,135697218148.54568,44689075598.72857,415221121024.0,
y4x9hkol,1024,2862,0.25,0.25,256.0,ok,False,10,1 2 3 4 5 10 11 12 13 14,10,1 2 3 4 5 10 11 12 13 14,xw00abx4 rjnmyhep rgjsxngj 4z37ed7p l7ali8bd vu5khht5 29n6whca 5ojc6ceh wu7mnduz c2nqloeb,11450,0,0.0,4.0,2.818876266479492,1.04328035351577,2.819377792100198,2.8993849754333496,
y4x9hkol,1024,2862,0.25,0.5,256.0,ok,False,10,1 2 3 4 5 10 11 12 13 14,10,1 2 3 4 5 10 11 12 13 14,4s1u1lte g6a00or0 1t7jrr5m idx3m3py dj41vb95 lqqayho3 jy4m2n66 xibt18yb dgfk05bl dz7s3bus,11450,0,0.0,4.0,2.818876266479492,1.0459835312638164,2.826790765737342,2.908986806869507,
y4x9hkol,1024,2862,0.25,1.0,256.0,ok,False,10,1 2 3 4 5 10 11 12 13 14,10,1 2 3 4 5 10 11 12 13 14,ig9snq97 05xtgzvo 9ib8u2hh l7kys9l6 83xfesrq jqg7v1ou weqibygg 8dnafblz icb0zm5e spylefdd,11450,0,0.0,4.0,2.818876314163208,1.0771657891605537,2.848879599321357,3.0302653312683105,
y4x9hkol,1024,2862,0.25,2.0,256.0,spike,False,10,1 2 3 4 5 10 11 12 13 14,10,1 2 3 4 5 10 11 12 13 14,1c081557 cdenksq2 n8j9163w sn9kj5j2 m1ssysvl 4ya8cc2x qtbsacac bjvlssfa 7qdcgpb0 xl9hoh38,1199,10,1.0,4.0,2.818876266479492,5060351739.680074,395173444.12483776,14248168448.0,
y4x9hkol,1024,2862,0.25,4.0,256.0,spike,False,10,1 2 3 4 5 10 11 12 13 14,10,1 2 3 4 5 10 11 12 13 14,l6umy5gq kwvoi9wm wqxe7qp5 calj8g20 scm4odun r0byafac 8f71zty0 hd93i4zq dynd5jay pnmsbspe,110,10,1.0,4.0,2.818876266479492,59645756343.934326,11423222372.512539,168168620032.0,
y4x9hkol,1024,2862,0.5,0.25,512.0,ok,False,10,1 2 3 4 5 10 11 12 13 14,10,1 2 3 4 5 10 11 12 13 14,s6o3q86g r9zar2yh iolt63e5 hudlwto3 7168ibr7 vj32lcs0 1hsmid6i 2ui7qu53 mdbz3qlb jl2ref7s,5730,0,0.0,4.0,2.8203327655792236,1.0294951314570624,2.8173623109987274,2.874952554702759,
y4x9hkol,1024,2862,0.5,0.5,512.0,ok,False,10,1 2 3 4 5 10 11 12 13 14,10,1 2 3 4 5 10 11 12 13 14,hncmtn26 e90yjlpa crsrjp05 0l2nqewa 8gwu274c d7agw6cf 41ct9d5a 0ohcyzkf kdtg91y1 n8nmuf94,5730,0,0.0,4.0,2.8203327655792236,1.0306727169500425,2.819365651112369,2.8782410621643066,
y4x9hkol,1024,2862,0.5,1.0,512.0,ok,False,10,1 2 3 4 5 10 11 12 13 14,10,1 2 3 4 5 10 11 12 13 14,j7db84hp v1gdl0db 3hl22cr3 df2de4cc l3ygcegt k9chwvkq 1z8meepw o5vu9hg0 utrrgcr4 v4eqb2mi,5730,0,0.0,4.0,2.8203327655792236,1.034076129412317,2.8268815454180123,2.8877453804016113,
y4x9hkol,1024,2862,0.5,2.0,512.0,spike,False,10,1 2 3 4 5 10 11 12 13 14,10,1 2 3 4 5 10 11 12 13 14,4lht3olz plxbbnog bqgwon14 ftfqrbyv 8ote5oil a01om3ia jsh0ov21 d2soaol4 kakgwjp1 oscima1c,1123,10,1.0,4.0,2.8203327655792236,4598011393.62343,487553451.2791548,13016327168.0,
y4x9hkol,1024,2862,0.5,4.0,512.0,spike,False,10,1 2 3 4 5 10 11 12 13 14,10,1 2 3 4 5 10 11 12 13 14,554ihslk vhgxn7z8 mp71krri 3p5iujw2 72kbsmxt 6d7zx0rp lt9b7zx6 6u5w6szw mluw5o2a rg4koxel,110,10,1.0,4.0,2.8203327655792236,54427299846.608864,10539127416.039629,154061799424.0,
y4x9hkol,1024,2862,1.0,0.25,1024.0,ok,False,10,1 2 3 4 5 10 11 12 13 14,10,1 2 3 4 5 10 11 12 13 14,ktoz3p72 q0hqd1vf 344sfpmd 00wk8tzq v58jrgmh xmbn0gxh hnv71p6g swgez0pt 46th9dof klc6if1g,2870,0,0.0,4.0,2.8178160190582275,1.0164739149990285,2.817282926994749,2.8587892055511475,
y4x9hkol,1024,2862,1.0,0.5,1024.0,ok,False,10,1 2 3 4 5 10 11 12 13 14,10,1 2 3 4 5 10 11 12 13 14,p2w3x4zb ttasefiy iqldyq4r idefhaup 2abddagh po3wija4 n72gu4vn zxfpg506 fjgpq64w 4rz0twib,2870,0,0.0,4.0,2.8178159952163697,1.016847001920043,2.817370334485682,2.859192132949829,
y4x9hkol,1024,2862,1.0,1.0,1024.0,ok,False,10,1 2 3 4 5 10 11 12 13 14,10,1 2 3 4 5 10 11 12 13 14,4hosgh8v 14duaq01 7f0mmp7c vkxb0mbn 14taro62 joum559o 7e2dbwi7 ig7lnz0e xxowtp7b oyz3jitp,2870,0,0.0,4.0,2.8178159952163697,1.0180906816084878,2.81947038871486,2.86135196685791,
y4x9hkol,1024,2862,1.0,2.0,1024.0,spike,False,10,1 2 3 4 5 10 11 12 13 14,10,1 2 3 4 5 10 11 12 13 14,b3a0e8lz 3q02sppz a56xyir2 orwxjq37 3ull35xj r2coo37v 90qobp6c k10frqok 690vdlde jzdnuffg,1125,10,1.0,4.0,2.8178160190582275,4743541598.360423,467211935.66954386,13366667264.0,
y4x9hkol,1024,2862,1.0,4.0,1024.0,spike,False,10,1 2 3 4 5 10 11 12 13 14,10,1 2 3 4 5 10 11 12 13 14,if4jjqcx x0ct85na naxyj1uf wjnii0js k0g2l7yy 4mvfhgbw iujfbw39 rxbkvzmk 58rfj87c omxx8ajd,110,10,1.0,4.0,2.817815971374512,50990229710.57978,9690184034.86478,143340896256.0,
y4x9hkol,1024,2862,2.0,0.25,2048.0,ok,False,10,1 2 3 4 5 10 11 12 13 14,10,1 2 3 4 5 10 11 12 13 14,4cprsmxb z7h4e1eu tbgdcm5y h4r25fc4 4echzorm ouqgdmsk aj1n21c3 t94227md f609a7n6 17li47ax,1440,0,0.0,4.0,2.814349126815796,1.0135823011629366,2.817813075582186,2.8452229499816895,
y4x9hkol,1024,2862,2.0,0.5,2048.0,ok,False,10,1 2 3 4 5 10 11 12 13 14,10,1 2 3 4 5 10 11 12 13 14,bzz26sw4 4mftie8p nfbosbji 7i0z8d2g gfyejvj7 pzngjiwz 925f8z3r dqge86x0 yhd5s5mz itcf7qny,1440,0,0.0,4.0,2.814349126815796,1.01380639162905,2.817390659782622,2.844888687133789,
y4x9hkol,1024,2862,2.0,1.0,2048.0,ok,False,10,1 2 3 4 5 10 11 12 13 14,10,1 2 3 4 5 10 11 12 13 14,zte74qhk u781gfg0 fd211dff jf8teteu ia3hojqz qochjsu6 ywz9t6wa bktldv6t f2mks2e6 oe7sb1es,1440,0,0.0,4.0,2.814349150657654,1.0143665752077755,2.8176336454020605,2.84523868560791,
y4x9hkol,1024,2862,2.0,2.0,2048.0,spike,False,10,1 2 3 4 5 10 11 12 13 14,10,1 2 3 4 5 10 11 12 13 14,17dabpko ywpijgkw gs7auxsg rn75na69 lv5wdngk tlwhyo3u 3c9z65p2 mykd9imo cx5iq7e8 0blk4y00,1079,10,1.0,4.0,2.8143491744995117,4282176066.0545125,439935636.68519926,12082301952.0,
y4x9hkol,1024,2862,2.0,4.0,2048.0,spike,False,10,1 2 3 4 5 10 11 12 13 14,10,1 2 3 4 5 10 11 12 13 14,hkyn3hrp aekeaqw8 g7u6web1 cyffi1gp lh3hignu hicoiknc 6vv4phls 5erwnunt 8uhxwkoy 3wm8xucd,110,10,1.0,4.0,2.814349150657654,53136059047.4529,10516134090.691967,149235728384.0,
y4x9hkol,1024,2862,4.0,0.25,4096.0,ok,False,10,1 2 3 4 5 10 11 12 13 14,10,1 2 3 4 5 10 11 12 13 14,5adh0x7x 95pn31x4 nwq2nhsk xbpmou7l 97zhbxy9 kp635bjr mhfeiee9 3bk785r6 sfhr6qtd 8u5l4sy9,720,0,0.0,4.0,2.81762273311615,1.0077149736366209,2.818443195356263,2.8355448246002197,
y4x9hkol,1024,2862,4.0,0.5,4096.0,ok,False,10,1 2 3 4 5 10 11 12 13 14,10,1 2 3 4 5 10 11 12 13 14,6g886gdf kx0u2279 szxtdk2w m6vactj2 lon44ke1 l62qh9mc hs8kb67t 9486waes 1c6cma16 lyq5bpbu,720,0,0.0,4.0,2.817622709274292,1.0078073015486346,2.8180684751934475,2.8360815048217773,
y4x9hkol,1024,2862,4.0,1.0,4096.0,ok,False,10,1 2 3 4 5 10 11 12 13 14,10,1 2 3 4 5 10 11 12 13 14,1dknu9pm uzo82v3i h99rxyfq mkp38bqd e8u7tcio e6m71hxu tgg1s5i8 s2bu373f 9ej7vosl 2j8knv10,720,0,0.0,4.0,2.817622685432434,1.0082333482455572,2.817957436045011,2.837615728378296,
y4x9hkol,1024,2862,4.0,2.0,4096.0,spike,False,10,1 2 3 4 5 10 11 12 13 14,10,1 2 3 4 5 10 11 12 13 14,hmfugn8v gy6kqrfv ttne8se7 ct0q2atq c0ylmx7b 43l4lrn4 wmj1r0cq ifsoewoq fewkemks cud38dum,720,10,1.0,4.0,2.817622685432434,569034.5044650619,59151.45251454844,1599588.75,
y4x9hkol,1024,2862,4.0,4.0,4096.0,spike,False,10,1 2 3 4 5 10 11 12 13 14,10,1 2 3 4 5 10 11 12 13 14,1gjdse8m 0shbqb0k gjiekrac uvflybyb s2vp4gm9 xnvgvu38 etcamg0l 8o4i1ccc 26fs1sim ujkwvnkz,110,10,1.0,4.0,2.817622685432434,49801176023.478004,10764688650.442945,139993972736.0,
