pretrain_run_id,base_batch_size,checkpoint_step,bsz_mult,lr_mult,target_batch_size,invalid_batch_size,expected_seed_count,expected_seeds,unstable_ratio_threshold,status,seed_count,seeds,run_ids,history_points,unstable_seed_count,unstable_fraction,mean_initial_lin_loss,max_seed_lin_loss_ratio,mean_lin_loss_time_seed,per_seed_lin_loss_max,error
9ywn9y0z,1,202047,0.25,0.25,0.25,True,10,1 2 3 4 5 10 11 12 13 14,4.0,abort,0,,,0,0,,,,,,
9ywn9y0z,1,202047,0.25,0.5,0.25,True,10,1 2 3 4 5 10 11 12 13 14,4.0,abort,0,,,0,0,,,,,,
9ywn9y0z,1,202047,0.25,1.0,0.25,True,10,1 2 3 4 5 10 11 12 13 14,4.0,abort,0,,,0,0,,,,,,
9ywn9y0z,1,202047,0.25,2.0,0.25,True,10,1 2 3 4 5 10 11 12 13 14,4.0,abort,0,,,0,0,,,,,,
9ywn9y0z,1,202047,0.25,4.0,0.25,True,10,1 2 3 4 5 10 11 12 13 14,4.0,abort,0,,,0,0,,,,,,
9ywn9y0z,1,202047,0.5,0.25,0.5,True,10,1 2 3 4 5 10 11 12 13 14,4.0,abort,0,,,0,0,,,,,,
9ywn9y0z,1,202047,0.5,0.5,0.5,True,10,1 2 3 4 5 10 11 12 13 14,4.0,abort,0,,,0,0,,,,,,
9ywn9y0z,1,202047,0.5,1.0,0.5,True,10,1 2 3 4 5 10 11 12 13 14,4.0,abort,0,,,0,0,,,,,,
9ywn9y0z,1,202047,0.5,2.0,0.5,True,10,1 2 3 4 5 10 11 12 13 14,4.0,abort,0,,,0,0,,,,,,
9ywn9y0z,1,202047,0.5,4.0,0.5,True,10,1 2 3 4 5 10 11 12 13 14,4.0,abort,0,,,0,0,,,,,,
9ywn9y0z,1,202047,1.0,0.25,1.0,False,10,1 2 3 4 5 10 11 12 13 14,4.0,spike,10,1 2 3 4 5 10 11 12 13 14,s8koj5ns qmoufvq6 6qfouphj h740p08i jgxj6vxb a8kkaeqh b051s10f xy6q68v8 9ofn8oia ybf2wdjn,2929690,2,0.2,3.0653608083724975,37.006668023483925,3.008462069225008,108.68304443359376,
9ywn9y0z,1,202047,1.0,0.5,1.0,False,10,1 2 3 4 5 10 11 12 13 14,4.0,spike,10,1 2 3 4 5 10 11 12 13 14,8kwsk0n1 fgn2qi9c sdtzylc8 vl8fcfup 9v8ejqvj d1x244pi byxrpr2n 9gnlnr8b 5mbq9pnf e1qg8zjl,1979633,10,1.0,3.0653608083724975,42590492983.24302,283394.6281810861,125523566592.0,
9ywn9y0z,1,202047,1.0,1.0,1.0,False,10,1 2 3 4 5 10 11 12 13 14,4.0,spike,10,1 2 3 4 5 10 11 12 13 14,02n1biri zqvyzww5 emkgm00f rm4m902f 76ym39fa aeipy7v0 v2u3r1v7 a2zs2j6p cgjj9lid oeflakpf,620020,10,1.0,3.0653608083724975,51731413350.41783,808822.5741762874,161642758144.0,
9ywn9y0z,1,202047,1.0,2.0,1.0,False,10,1 2 3 4 5 10 11 12 13 14,4.0,spike,10,1 2 3 4 5 10 11 12 13 14,b79xq0qk 2s2smgw5 fbmlfl2a gnxd5svb lhbf7dhu 3wd7s7nq 1rs4ej30 4ne6qte5 6rz2wjoy 5u1neow0,116962,10,1.0,3.0653608083724975,25041919985.119762,4358056.339530205,75072757760.0,
9ywn9y0z,1,202047,1.0,4.0,1.0,False,10,1 2 3 4 5 10 11 12 13 14,4.0,spike,10,1 2 3 4 5 10 11 12 13 14,lyhvhp54 epy3akuf l72g4mdl 07pgrxs9 o8k1ns9z ndh1wjyy o6xw76qt gyfu8z0x bl6x32sx 4quttivh,28129,10,1.0,3.0653608083724975,44210430910.08894,36652555.82830747,130297880576.0,
9ywn9y0z,1,202047,2.0,0.25,2.0,False,10,1 2 3 4 5 10 11 12 13 14,4.0,ok,10,1 2 3 4 5 10 11 12 13 14,1c6tk0ad gx1cqa6j v19scpd9 i166js98 o6z7zjpm uckfdfb1 va7dhx36 75xtozpo 3qjtdu18 vhf3jajf,1464850,0,0.0,3.040420484542847,1.591661177244037,3.0123464737672685,4.694477081298828,
9ywn9y0z,1,202047,2.0,0.5,2.0,False,10,1 2 3 4 5 10 11 12 13 14,4.0,spike,10,1 2 3 4 5 10 11 12 13 14,5fm19jxn c4hwp8t5 4jnbgn8b cwb2eqh9 cg6sl0wr b7zqfi3g 1kc30km6 409cagln ghev7uqb m6ba7jb4,1464850,1,0.1,3.0404204607009886,19.40566898196871,3.008468010647572,56.97557830810547,
9ywn9y0z,1,202047,2.0,1.0,2.0,False,10,1 2 3 4 5 10 11 12 13 14,4.0,spike,10,1 2 3 4 5 10 11 12 13 14,frmhva6g hmk7nokr ormii6rz h6p41rv8 ug2hn3yp ibb127h5 efu1xji6 jh9qrqrt ami9pvcv 5t8gfydd,992745,10,1.0,3.0404204607009886,40385592825.026505,418672.7258843236,128350208000.0,
9ywn9y0z,1,202047,2.0,2.0,2.0,False,10,1 2 3 4 5 10 11 12 13 14,4.0,spike,10,1 2 3 4 5 10 11 12 13 14,794wrexz x3pwe6xq n4yglmmv pxz5pqqa 1gsbkpsb bl19irk9 1frbkm16 t9lgw84g d0jle5kf ocprw1lb,310072,10,1.0,3.0404204607009886,30205916172.949955,2080778.7362929627,90441768960.0,
9ywn9y0z,1,202047,2.0,4.0,2.0,False,10,1 2 3 4 5 10 11 12 13 14,4.0,spike,10,1 2 3 4 5 10 11 12 13 14,u8q8egra ylnwtxun q6it1vlm s9hhc67j 7l2kdvg6 fetm7snc 4g2y79fn 8akhwif9 3yzxqqeg yjs186yp,61973,10,1.0,3.0404204607009886,119881271399.56767,17220595.494207345,380996911104.0,
9ywn9y0z,1,202047,4.0,0.25,4.0,False,10,1 2 3 4 5 10 11 12 13 14,4.0,ok,10,1 2 3 4 5 10 11 12 13 14,aa9yqxbg iwlgndnf bg03ve50 nm0gmf48 yggdi9nw zutsc69x c1o1dwrj vn4z8u8y ztlp14hx zbomgtly,732430,0,0.0,2.997245764732361,1.3908737830010351,3.0287060362431735,4.0825958251953125,
9ywn9y0z,1,202047,4.0,0.5,4.0,False,10,1 2 3 4 5 10 11 12 13 14,4.0,ok,10,1 2 3 4 5 10 11 12 13 14,tk8c36wl bjmlkari ixpmb7lk 4y3euxqd tfp62o4r d467vr0a p3zcy3i6 c7ykrdw6 y3upgqu6 kczbq58f,732430,0,0.0,2.997245764732361,1.3896547534031785,3.0123525424740114,4.079017639160156,
9ywn9y0z,1,202047,4.0,1.0,4.0,False,10,1 2 3 4 5 10 11 12 13 14,4.0,spike,10,1 2 3 4 5 10 11 12 13 14,hxdyspry 9v4xiaqi 850k85sa 187uvssj agyl434q 4hamvl3r 851e0d4n 7ixe2wgk j72113o2 48o0j9k8,732430,1,0.1,2.997245764732361,9.748473126440532,3.0084755973958304,28.61444091796875,
9ywn9y0z,1,202047,4.0,2.0,4.0,False,10,1 2 3 4 5 10 11 12 13 14,4.0,spike,10,1 2 3 4 5 10 11 12 13 14,kz4uuqmp jauo646w s5ge993t 5m7ci3g2 a2l5d139 lfqntzm2 fxgrgf3k o7ahnqaz 0hjlp886 atrms5g8,514297,10,1.0,2.997245764732361,16320082169.694609,725501.1123110264,51068952576.0,
9ywn9y0z,1,202047,4.0,4.0,4.0,False,10,1 2 3 4 5 10 11 12 13 14,4.0,spike,10,1 2 3 4 5 10 11 12 13 14,fkyia7al e8cqaffa 4fus7g31 h8lb16jg q1gzqni4 yaod7c4j 6xl826xo b14nmp7x kzs19tir p1r8e18q,162257,10,1.0,2.997245764732361,79690127039.02032,5524196.222420249,249367085056.0,
9ywn9y0z,1,1414332,0.25,0.25,0.25,True,10,1 2 3 4 5 10 11 12 13 14,4.0,abort,0,,,0,0,,,,,,
9ywn9y0z,1,1414332,0.25,0.5,0.25,True,10,1 2 3 4 5 10 11 12 13 14,4.0,abort,0,,,0,0,,,,,,
9ywn9y0z,1,1414332,0.25,1.0,0.25,True,10,1 2 3 4 5 10 11 12 13 14,4.0,abort,0,,,0,0,,,,,,
9ywn9y0z,1,1414332,0.25,2.0,0.25,True,10,1 2 3 4 5 10 11 12 13 14,4.0,abort,0,,,0,0,,,,,,
9ywn9y0z,1,1414332,0.25,4.0,0.25,True,10,1 2 3 4 5 10 11 12 13 14,4.0,abort,0,,,0,0,,,,,,
9ywn9y0z,1,1414332,0.5,0.25,0.5,True,10,1 2 3 4 5 10 11 12 13 14,4.0,abort,0,,,0,0,,,,,,
9ywn9y0z,1,1414332,0.5,0.5,0.5,True,10,1 2 3 4 5 10 11 12 13 14,4.0,abort,0,,,0,0,,,,,,
9ywn9y0z,1,1414332,0.5,1.0,0.5,True,10,1 2 3 4 5 10 11 12 13 14,4.0,abort,0,,,0,0,,,,,,
9ywn9y0z,1,1414332,0.5,2.0,0.5,True,10,1 2 3 4 5 10 11 12 13 14,4.0,abort,0,,,0,0,,,,,,
9ywn9y0z,1,1414332,0.5,4.0,0.5,True,10,1 2 3 4 5 10 11 12 13 14,4.0,abort,0,,,0,0,,,,,,
9ywn9y0z,1,1414332,1.0,0.25,1.0,False,10,1 2 3 4 5 10 11 12 13 14,4.0,ok,10,1 2 3 4 5 10 11 12 13 14,ahcpgrga bpgvg4ht jfz2p0qo e6k1wpai slbyj8j8 6ropjqd3 x9qnqqvq goo58rnc 8g0c12ev dtqbb13f,2929690,0,0.0,2.606490063667297,2.490079125104238,2.6843955765509944,4.970417499542236,
9ywn9y0z,1,1414332,1.0,0.5,1.0,False,10,1 2 3 4 5 10 11 12 13 14,4.0,spike,10,1 2 3 4 5 10 11 12 13 14,i439qa6a xiyvjoub 3sobw8a3 ee4qop7g p32qgvd9 n9vn46wm jrq1p047 egrkgh7x qb92cyl1 386hu0ds,2929690,9,0.9,2.6064901113510133,312.79764595908495,2.7061668606926395,876.7845458984375,
9ywn9y0z,1,1414332,1.0,1.0,1.0,False,10,1 2 3 4 5 10 11 12 13 14,4.0,spike,10,1 2 3 4 5 10 11 12 13 14,pln6nc7j or6xqp2h g0icshhk dfr2vc0x qlncvd7w wvtidkga u2lm0xb2 9zpoyyxc 47605668 7l4i5nfl,2746180,10,1.0,2.6064900398254394,19122633004.960945,60602.21344201754,41548185600.0,
9ywn9y0z,1,1414332,1.0,2.0,1.0,False,10,1 2 3 4 5 10 11 12 13 14,4.0,spike,10,1 2 3 4 5 10 11 12 13 14,ymdhhmye 6beif37s 9hjjn9mp j7hq5c83 sjz7abtg kfzyhnx1 ime7lcc8 mj16fw1e aoowj18f fyc6dnfn,335969,10,1.0,2.606490063667297,114896306404.35094,2235636.548743682,300321669120.0,
9ywn9y0z,1,1414332,1.0,4.0,1.0,False,10,1 2 3 4 5 10 11 12 13 14,4.0,spike,10,1 2 3 4 5 10 11 12 13 14,bd7sn5jl b2yzc7b5 s3fm2cp0 qhcyqp8d 2aocc7u6 0vcuctf1 de3c96cn d498klmy 9ygxt11u 15garl6y,46320,10,1.0,2.606490063667297,50205281369.9394,12087951.220062373,136737759232.0,
9ywn9y0z,1,1414332,2.0,0.25,2.0,False,10,1 2 3 4 5 10 11 12 13 14,4.0,ok,10,1 2 3 4 5 10 11 12 13 14,i0c6c7ff tfakawem 033evmeb dtw9n17y uj6fgfcp adt71hkk 2ukgn8an 3hrug26x pj1qrqwl qzmyzo5j,1464850,0,0.0,2.6573689937591554,1.668560723107256,2.6797946849337095,4.256597995758057,
9ywn9y0z,1,1414332,2.0,0.5,2.0,False,10,1 2 3 4 5 10 11 12 13 14,4.0,ok,10,1 2 3 4 5 10 11 12 13 14,kx7j1nlb pix615ss 3wu8g794 yvbk8pc3 6v8wzi5c bwlfa258 28l1srwn s0xsgij9 rzg0k2s2 wjea5glz,1464850,0,0.0,2.6573689937591554,1.6711560505808263,2.684398969855492,4.262860298156738,
9ywn9y0z,1,1414332,2.0,1.0,2.0,False,10,1 2 3 4 5 10 11 12 13 14,4.0,spike,10,1 2 3 4 5 10 11 12 13 14,2pqewipn q2ph0g4z awbhlsh5 i453u7fm 0p23wt07 s0csmot8 hepkn35q 3xwp2qxo z6wymq6g wemp5qbp,1464850,8,0.8,2.6573689937591554,159.8381150146783,2.706279387913349,447.12451171875,
9ywn9y0z,1,1414332,2.0,2.0,2.0,False,10,1 2 3 4 5 10 11 12 13 14,4.0,spike,10,1 2 3 4 5 10 11 12 13 14,v00ruasf ayki0y5z uvso3cyc wjgawkvb 06xio2en 0q6hnflm er3dwnt1 apw91tss v8rp22eg 8yhblul9,1381347,10,1.0,2.657369017601013,14117185758.31829,95362.63063870995,34248916992.0,
9ywn9y0z,1,1414332,2.0,4.0,2.0,False,10,1 2 3 4 5 10 11 12 13 14,4.0,spike,10,1 2 3 4 5 10 11 12 13 14,kff7qlu4 6p3wu815 agpimgm7 sfrmh68g 5asyo4k9 7dqdfayl b6gsmnbr aeqo5l5t epucr74k qef95apf,177217,10,1.0,2.6573689937591554,37217054785.86542,4302289.001801846,93153845248.0,
9ywn9y0z,1,1414332,4.0,0.25,4.0,False,10,1 2 3 4 5 10 11 12 13 14,4.0,ok,10,1 2 3 4 5 10 11 12 13 14,48pqqcxy c9e7g180 ecqf9cf2 x3isy8dn 5gg4hv2j h3v01h27 vkwzp1dn uwfe6ryw cqm5kp1z nrdigpki,732430,0,0.0,2.6500977277755737,1.5412352049761522,2.6807388059115693,3.58184814453125,
9ywn9y0z,1,1414332,4.0,0.5,4.0,False,10,1 2 3 4 5 10 11 12 13 14,4.0,ok,10,1 2 3 4 5 10 11 12 13 14,r2oxwgcf 8ga93ovx in8dus23 rpc4ngeo yk5q9xw5 lorahok0 tsbgvdl8 roljid9w u8ixyd3v e08u4uac,732430,0,0.0,2.6500977516174316,1.5403349251938712,2.679798123546254,3.580362319946289,
9ywn9y0z,1,1414332,4.0,1.0,4.0,False,10,1 2 3 4 5 10 11 12 13 14,4.0,ok,10,1 2 3 4 5 10 11 12 13 14,n8nadr20 q9y5cm0g rqxlh2rp xouplzho 47fcts47 jbios6c2 nhif7kqm plgl4hlp xdiez4o5 uio0g9en,732430,0,0.0,2.6500977754592894,1.5425993907120066,2.6844084793141496,3.585268497467041,
9ywn9y0z,1,1414332,4.0,2.0,4.0,False,10,1 2 3 4 5 10 11 12 13 14,4.0,spike,10,1 2 3 4 5 10 11 12 13 14,y8ls2ji6 ru4zussn zn704o3z iqfnlgz5 mroxo6jw mk00os0n k3o6aab8 jdmnbhzk 3nka5gww lo7rb3o3,732430,5,0.5,2.6500977516174316,79.35220403270938,2.7064241399262805,231.2989959716797,
9ywn9y0z,1,1414332,4.0,4.0,4.0,False,10,1 2 3 4 5 10 11 12 13 14,4.0,spike,10,1 2 3 4 5 10 11 12 13 14,5qewckwc s65yllzi 41ny76b6 t06ugztm jo3ulaqc amz4hyle lv6t6bbx 0a7tzjvv 7scfapno zlqp0wxp,698189,10,1.0,2.6500977516174316,13759941192.28208,211167.09281895348,31695570944.0,
9ywn9y0z,1,2929688,0.25,0.25,0.25,True,10,1 2 3 4 5 10 11 12 13 14,4.0,abort,0,,,0,0,,,,,,
9ywn9y0z,1,2929688,0.25,0.5,0.25,True,10,1 2 3 4 5 10 11 12 13 14,4.0,abort,0,,,0,0,,,,,,
9ywn9y0z,1,2929688,0.25,1.0,0.25,True,10,1 2 3 4 5 10 11 12 13 14,4.0,abort,0,,,0,0,,,,,,
9ywn9y0z,1,2929688,0.25,2.0,0.25,True,10,1 2 3 4 5 10 11 12 13 14,4.0,abort,0,,,0,0,,,,,,
9ywn9y0z,1,2929688,0.25,4.0,0.25,True,10,1 2 3 4 5 10 11 12 13 14,4.0,abort,0,,,0,0,,,,,,
9ywn9y0z,1,2929688,0.5,0.25,0.5,True,10,1 2 3 4 5 10 11 12 13 14,4.0,abort,0,,,0,0,,,,,,
9ywn9y0z,1,2929688,0.5,0.5,0.5,True,10,1 2 3 4 5 10 11 12 13 14,4.0,abort,0,,,0,0,,,,,,
9ywn9y0z,1,2929688,0.5,1.0,0.5,True,10,1 2 3 4 5 10 11 12 13 14,4.0,abort,0,,,0,0,,,,,,
9ywn9y0z,1,2929688,0.5,2.0,0.5,True,10,1 2 3 4 5 10 11 12 13 14,4.0,abort,0,,,0,0,,,,,,
9ywn9y0z,1,2929688,0.5,4.0,0.5,True,10,1 2 3 4 5 10 11 12 13 14,4.0,abort,0,,,0,0,,,,,,
9ywn9y0z,1,2929688,1.0,0.25,1.0,False,10,1 2 3 4 5 10 11 12 13 14,4.0,ok,10,1 2 3 4 5 10 11 12 13 14,9vk5jy08 9xb38xnl mk2hx549 j5r9ilwn llhwuk3s f81od0zq qvlz1zco szd23ju3 r65jn8mm yzzopxgt,2929690,0,0.0,2.682983732223511,2.3555754131984386,2.6024031894308877,5.401938438415527,
9ywn9y0z,1,2929688,1.0,0.5,1.0,False,10,1 2 3 4 5 10 11 12 13 14,4.0,spike,10,1 2 3 4 5 10 11 12 13 14,oda6df6n 27ygz1qf 1i6vmrqw ppxv191k utfbuqgq 5oz0bt3j 5zb7fa12 1hk9sugr gvw3kmvh m3ue4h4g,2929690,10,1.0,2.682983732223511,9570.319943198923,2.637802767066984,25889.248046875,
9ywn9y0z,1,2929688,1.0,1.0,1.0,False,10,1 2 3 4 5 10 11 12 13 14,4.0,spike,10,1 2 3 4 5 10 11 12 13 14,oa1khhqn lrvyepmp 6g1sbdcl i0ab8d6x s47ygbdg 9wk3xr8k zlm35pp2 ckwomy1k sxdwbaat rbk6il9p,2906608,10,1.0,2.6829837560653687,4637608480.549688,11187.662304672685,13012683776.0,
9ywn9y0z,1,2929688,1.0,2.0,1.0,False,10,1 2 3 4 5 10 11 12 13 14,4.0,spike,10,1 2 3 4 5 10 11 12 13 14,c1lplztz t06lh389 q8qjbeq6 f6vl42h6 1lh3aciw 21k0hh85 10d3w8tn kxxw8mp9 jfh58wkq 3r7dqfu7,602114,10,1.0,2.6829837560653687,27437066523.827904,863884.566709261,72791334912.0,
9ywn9y0z,1,2929688,1.0,4.0,1.0,False,10,1 2 3 4 5 10 11 12 13 14,4.0,spike,10,1 2 3 4 5 10 11 12 13 14,9tmb8owv grmshekh h26od2ba zvilakfi au0ig9rh whlmhkis lnu0dcbe 7n1ymaef iou0g49x nazxpyb7,106217,10,1.0,2.682983732223511,51211392922.582954,7251673.4177501695,122376724480.0,
9ywn9y0z,1,2929688,2.0,0.25,2.0,False,10,1 2 3 4 5 10 11 12 13 14,4.0,ok,10,1 2 3 4 5 10 11 12 13 14,s9sug8sn tdu4yzys bcv3s35m txlcsoio jwy4sw2m bfr7i8f6 8unyaq3p xljzfkbr vr57rgah xo76wgvg,1464850,0,0.0,2.591737985610962,1.883949472154425,2.596774880596162,4.247841835021973,
9ywn9y0z,1,2929688,2.0,0.5,2.0,False,10,1 2 3 4 5 10 11 12 13 14,4.0,ok,10,1 2 3 4 5 10 11 12 13 14,chfma369 xeene13c 426ne1nz ntptojln z3p6j83m tdwey0c0 c801byur hychf7kz nrocx3rj 4ib73jf5,1464850,0,0.0,2.591737985610962,1.888613470355992,2.6024050684727498,4.258358001708984,
9ywn9y0z,1,2929688,2.0,1.0,2.0,False,10,1 2 3 4 5 10 11 12 13 14,4.0,spike,10,1 2 3 4 5 10 11 12 13 14,5dh7tcye lk5pt28y 2ltrb8wh cpy6w5bm 2jbjlcup ynvajvfd tq3534fk de0x6ta0 f9kfrqxx l8rzpyk5,1464850,10,1.0,2.591737985610962,4825.661259778675,2.637925423455774,13028.869140625,
9ywn9y0z,1,2929688,2.0,2.0,2.0,False,10,1 2 3 4 5 10 11 12 13 14,4.0,spike,10,1 2 3 4 5 10 11 12 13 14,7oa0h11e b5imi1ws oskz3atn 6396xh66 gp6lx2d9 0x86qbze 30pletsa j1lu22z2 sgcc4zvb y95aonwx,1464284,10,1.0,2.591737985610962,10675856884.408276,34678.548582931384,30505080832.0,
9ywn9y0z,1,2929688,2.0,4.0,2.0,False,10,1 2 3 4 5 10 11 12 13 14,4.0,spike,10,1 2 3 4 5 10 11 12 13 14,h7ej8fs5 4wfltv1y atxdermw 0dcjv0fn zs6wy6j9 66azwt7t jt0chkv7 2yb4xl7p mjqax3xd doynx5sb,312671,10,1.0,2.591737985610962,49086064252.706535,2055872.6078615661,145729683456.0,
9ywn9y0z,1,2929688,4.0,0.25,4.0,False,10,1 2 3 4 5 10 11 12 13 14,4.0,ok,10,1 2 3 4 5 10 11 12 13 14,qackqats hg3ot6ou gbgx26dx jg7rf1pl qtxkbygx atm6jyql yrenvjw3 k1sqdesq bxn1cg18 9at6xo3l,732430,0,0.0,2.642633819580078,1.4484270904470622,2.595886876485509,3.53464150428772,
9ywn9y0z,1,2929688,4.0,0.5,4.0,False,10,1 2 3 4 5 10 11 12 13 14,4.0,ok,10,1 2 3 4 5 10 11 12 13 14,6a91q7x2 uximiod1 hb8jqe1u 2bkhf5hs nm858xuz k9zct8gq ft8nopix mfqawwns ceakepv0 mj1k6r8j,732430,0,0.0,2.642633843421936,1.44844506711452,2.5967773681362853,3.5346853733062744,
9ywn9y0z,1,2929688,4.0,1.0,4.0,False,10,1 2 3 4 5 10 11 12 13 14,4.0,ok,10,1 2 3 4 5 10 11 12 13 14,pdtq4h7k d9b9jl8x 2qgvzrst jt7o6mn7 yb18v1n8 xwlygzvb ahwrns6w d50dgo39 bwds1ssl 4n4elco1,732430,0,0.0,2.642633843421936,1.4506091061590602,2.602411643329682,3.539966344833374,
9ywn9y0z,1,2929688,4.0,2.0,4.0,False,10,1 2 3 4 5 10 11 12 13 14,4.0,spike,10,1 2 3 4 5 10 11 12 13 14,e9btzaut yk9o0b9z n05owr00 h63k94bm 8ub8my93 pdsw4rmm 91hvpu8o 5ghpud89 3fmyov1h 0vpl6ag2,732430,10,1.0,2.642633843421936,2493.888951811595,2.6384457419117275,6722.8095703125,
9ywn9y0z,1,2929688,4.0,4.0,4.0,False,10,1 2 3 4 5 10 11 12 13 14,4.0,spike,10,1 2 3 4 5 10 11 12 13 14,69ryt23a f9mkh4wz 177ymzbf strxag1m okn70r1p vi0cb5ch bmzdzss7 128ro3ne wexw7os3 qrcgobas,732147,10,1.0,2.642633819580078,7170637087.0402355,44217.402012018574,20324882432.0,
d5omzcsy,1024,197,0.25,0.25,256.0,False,10,1 2 3 4 5 10 11 12 13 14,4.0,ok,10,1 2 3 4 5 10 11 12 13 14,8fw61e7m nup1yiry rnn0dv16 sn4zqu0b heylsfqx yfuhqmds 2vczwz8y pppwyd77 zygsiwb0 wx9obygk,11450,0,0.0,4.4480061531066895,1.0074829372407887,4.161992628543137,4.485428810119629,
d5omzcsy,1024,197,0.25,0.5,256.0,False,10,1 2 3 4 5 10 11 12 13 14,4.0,spike,10,1 2 3 4 5 10 11 12 13 14,ive741pd ioweb967 x1jvihqi qi6zcwei ddxchmx5 cwuzp5r1 habigxtk n2ufwe2l 00o4qdg3 540k8aqf,11450,8,0.8,4.4480061531066895,41939568.74510567,32098.39151285898,186835456.0,
d5omzcsy,1024,197,0.25,1.0,256.0,False,10,1 2 3 4 5 10 11 12 13 14,4.0,spike,10,1 2 3 4 5 10 11 12 13 14,vkbl0nk1 zihx3dcb warpsquu gows6l0w 11p6itv6 5kswwok6 njayjgjf rp5hrbgp uynbxey3 kqph9ztg,5472,10,1.0,4.448006105422974,80297244806.07413,153102087.58523947,357714034688.0,
d5omzcsy,1024,197,0.25,2.0,256.0,False,10,1 2 3 4 5 10 11 12 13 14,4.0,spike,10,1 2 3 4 5 10 11 12 13 14,39zuiy5q mbfx7m0j 6coz6aj1 jl203w6y u6xnrrx1 pgi8l5u4 vg09s7uu 6yqs245r 5f8828kw ift9iou3,120,10,1.0,4.4480061531066895,10009059834.844904,3270640343.9461417,44576362496.0,
d5omzcsy,1024,197,0.25,4.0,256.0,False,10,1 2 3 4 5 10 11 12 13 14,4.0,spike,10,1 2 3 4 5 10 11 12 13 14,d28w6vu8 l1bfiook wnubr3mt wvl872mg 76hyxd8r pjs7pmgs 47rbmvh2 oid1a6wf w1yt9epk lkpniprm,80,10,1.0,4.4480061531066895,175433841065.57706,81261922700.89047,781312393216.0,
d5omzcsy,1024,197,0.5,0.25,512.0,False,10,1 2 3 4 5 10 11 12 13 14,4.0,ok,10,1 2 3 4 5 10 11 12 13 14,31zkqkln sklja9wn 6seg0k5q jjwvbmyr yo4d9zm4 7bh6odtj mlbtqw7d 5bqsxa0y 7eisky8e dbmasrf2,5730,0,0.0,4.448851776123047,1.008361550724758,4.1969213589739836,4.469836235046387,
d5omzcsy,1024,197,0.5,0.5,512.0,False,10,1 2 3 4 5 10 11 12 13 14,4.0,ok,10,1 2 3 4 5 10 11 12 13 14,4msgpbqd 4w8roppo 6im936ef gt5zlf77 oiqadrby eyw8x1j6 a1k2hl1x n87d53sv vxpph01v twukre8o,5730,0,0.0,4.448851728439331,1.013606429551993,4.163328171442108,4.492125511169434,
d5omzcsy,1024,197,0.5,1.0,512.0,False,10,1 2 3 4 5 10 11 12 13 14,4.0,spike,10,1 2 3 4 5 10 11 12 13 14,fwd2codo wgqvdq71 82t6a6w4 jm00pps2 adijwoq4 gtzvf96o 6gdbxfgv zqram4qm fcfrbgxu smnrdh27,5730,8,0.8,4.448851728439331,14664.513373646472,63.62140756294157,65250.94921875,
d5omzcsy,1024,197,0.5,2.0,512.0,False,10,1 2 3 4 5 10 11 12 13 14,4.0,spike,10,1 2 3 4 5 10 11 12 13 14,ez5uihvk v81xiejb 8x2z5quj mhnia2cc 5rg3omqn 5jnjmvev 05m72u24 qk6h48uw 7nz6hilf hnc2er81,120,10,1.0,4.448851728439331,9562969272.092474,3264293093.9943557,42683629568.0,
d5omzcsy,1024,197,0.5,4.0,512.0,False,10,1 2 3 4 5 10 11 12 13 14,4.0,spike,10,1 2 3 4 5 10 11 12 13 14,cz0r79pt zqz533e4 2dp8pi02 hywz8bpz 0kt27s3w egwcti27 7tdmh4di zi9oqgsl w4chrnhc 1o463feu,80,10,1.0,4.448851776123047,155857089640.693,80942157327.54074,694728589312.0,
d5omzcsy,1024,197,1.0,0.25,1024.0,False,10,1 2 3 4 5 10 11 12 13 14,4.0,ok,10,1 2 3 4 5 10 11 12 13 14,7uqqo7vz uzi8u57e 498y8k1i fqx0de2o jo65ywe6 e66f6lxu a7ujxg4c onkuvhlw vog579fk hqm3khdp,2870,0,0.0,4.450494480133057,1.004551240758249,4.241353286683352,4.466342926025391,
d5omzcsy,1024,197,1.0,0.5,1024.0,False,10,1 2 3 4 5 10 11 12 13 14,4.0,ok,10,1 2 3 4 5 10 11 12 13 14,lghzzw7c tij5102e d6dykgzj 16x6s5f2 8a4y5bcb xxnpfxcd r5kq5cg6 ba17opdi ggycn1yh hkiyljio,2870,0,0.0,4.4504945278167725,1.0083853517933294,4.19932789420417,4.48915958404541,
d5omzcsy,1024,197,1.0,1.0,1024.0,False,10,1 2 3 4 5 10 11 12 13 14,4.0,ok,10,1 2 3 4 5 10 11 12 13 14,t8dqmf7b hwm2zm4t 80zdkra2 kqliy9o7 pepow7rw g47xf1hl ds62qr4s ga4uuujs l2pgqhpg xtm1zxk7,2870,0,0.0,4.4504945278167725,1.0342232496768344,4.1701679533782325,4.603379249572754,
d5omzcsy,1024,197,1.0,2.0,1024.0,False,10,1 2 3 4 5 10 11 12 13 14,4.0,spike,10,1 2 3 4 5 10 11 12 13 14,mp4biisj gdrqv3lf sh82dt6b 7nfjlsxp m9oj2278 b9jna4py g1mmr3ar jxa7oner stly1rr1 pfhjqqdj,120,10,1.0,4.450494575500488,8807942512.649271,3211796604.7582097,39243595776.0,
d5omzcsy,1024,197,1.0,4.0,1024.0,False,10,1 2 3 4 5 10 11 12 13 14,4.0,spike,10,1 2 3 4 5 10 11 12 13 14,xa6e0rok lse9dni7 8e1xtf5f 3rb9ifye moevgzs4 ksofgrd2 vnh2eqso qshm9wda ry114v7u y2jb13ju,80,10,1.0,4.450494480133057,156003992169.3393,80544356529.7869,694556426240.0,
d5omzcsy,1024,197,2.0,0.25,2048.0,False,10,1 2 3 4 5 10 11 12 13 14,4.0,ok,10,1 2 3 4 5 10 11 12 13 14,0x181rdy 6zslpmdj efw79cgt 7uyjy2q4 p1kp2zzx a9m4g9cv l1u9tcwi oglesdhj h6zli9rj 9er3p3u9,1440,0,0.0,4.4508177757263185,1.0028903355975693,4.287151965498924,4.4627885818481445,
d5omzcsy,1024,197,2.0,0.5,2048.0,False,10,1 2 3 4 5 10 11 12 13 14,4.0,ok,10,1 2 3 4 5 10 11 12 13 14,n1d1423g 9aga2b6v xhpfjhhk zs6mgsg4 udb6j9j8 qh34zxw9 n8rbt2cf rwu4bbop ffgeg2jk dz59m65h,1440,0,0.0,4.450817823410034,1.0075214732605793,4.246301537421014,4.4753522872924805,
d5omzcsy,1024,197,2.0,1.0,2048.0,False,10,1 2 3 4 5 10 11 12 13 14,4.0,ok,10,1 2 3 4 5 10 11 12 13 14,2hnjqtvk adq3p8rk 5vwbyohv mrjc66o6 ns63ikrb bgkrwo7y 4shi9o2k 92dc5imi v4f0uzmp 0jrmyve8,1440,0,0.0,4.4508177757263185,1.0327194030896898,4.21164813273483,4.589982509613037,
d5omzcsy,1024,197,2.0,2.0,2048.0,False,10,1 2 3 4 5 10 11 12 13 14,4.0,spike,10,1 2 3 4 5 10 11 12 13 14,g1x9fcdc pfhqihjn 50bavrc0 bp3fs8wa ncjiwwfd atoeh9yo l6tnt9v6 meh4xf63 2brcxji0 84m26z2k,120,10,1.0,4.4508177757263185,8659144580.173851,3224896668.5887985,38517555200.0,
d5omzcsy,1024,197,2.0,4.0,2048.0,False,10,1 2 3 4 5 10 11 12 13 14,4.0,spike,10,1 2 3 4 5 10 11 12 13 14,pl9gr5xq 6svefj49 a218h8mk ph66m9wk 14qazury 4piog8w9 al7e9j4j bgzyru9w rn4gz1kk bpmoxxwv,80,10,1.0,4.4508177757263185,151119011465.73032,81321428042.28445,672206684160.0,
d5omzcsy,1024,197,4.0,0.25,4096.0,False,10,1 2 3 4 5 10 11 12 13 14,4.0,ok,10,1 2 3 4 5 10 11 12 13 14,bzhcjq8x kdxfa33c q8ked2ed 3hki7467 q7ya9l4w e2luysve 66cckcod wsystn6y 2tdxfpyg tusbccgl,720,0,0.0,4.448831367492676,1.0021781257682971,4.331136046515572,4.45334529876709,
d5omzcsy,1024,197,4.0,0.5,4096.0,False,10,1 2 3 4 5 10 11 12 13 14,4.0,ok,10,1 2 3 4 5 10 11 12 13 14,kq15wsmu hcqvbuul i5xyxc8f p76osiqr 21hubyih bsjwkzvh 3ud5gcav m12eqqli re3xjvbe zddgvrsp,720,0,0.0,4.448831367492676,1.0063620640232414,4.297600711716546,4.474521160125732,
d5omzcsy,1024,197,4.0,1.0,4096.0,False,10,1 2 3 4 5 10 11 12 13 14,4.0,ok,10,1 2 3 4 5 10 11 12 13 14,955b4x97 e8b44kuw vz8jdeb7 4rl8t3xp 2wmsck6l ggzd0kh3 8mdznj63 bfnx5pcu cdttktuj 3ve4zo0k,720,0,0.0,4.448831367492676,1.0320108947866184,4.271061168776619,4.588968753814697,
d5omzcsy,1024,197,4.0,2.0,4096.0,False,10,1 2 3 4 5 10 11 12 13 14,4.0,spike,10,1 2 3 4 5 10 11 12 13 14,04twq6kq meufhe3h nsl6noig 5j7dmqik q94ffcxn d0k08gqb sf83h8i9 vr9juu47 7xopl15d qjtd59jq,120,10,1.0,4.448831415176391,8442363549.201167,3244251719.40602,37508767744.0,
d5omzcsy,1024,197,4.0,4.0,4096.0,False,10,1 2 3 4 5 10 11 12 13 14,4.0,spike,10,1 2 3 4 5 10 11 12 13 14,0bm8h2k4 1wh3jgzv wq3l0b6u nwfnd851 t1j4dqjd 39omlyim mir25vy5 12e5fe39 u3o13q49 4ukl4g7x,80,10,1.0,4.448831367492676,149216105946.379,81720828365.40465,663998693376.0,
d5omzcsy,1024,1381,0.25,0.25,256.0,False,10,1 2 3 4 5 10 11 12 13 14,4.0,spike,10,1 2 3 4 5 10 11 12 13 14,67xcyz7i g1du2gz4 0dqy15tr z15v9vvl 6u2bwq17 8e19jtme bemyehf0 nprz5jui 92mfqwgm kkcpczpo,11450,1,0.1,2.9412288904190063,4.387515584729973,2.941419220574558,12.881390571594238,
d5omzcsy,1024,1381,0.25,0.5,256.0,False,10,1 2 3 4 5 10 11 12 13 14,4.0,spike,10,1 2 3 4 5 10 11 12 13 14,tax8emw9 9lf2pjst cwegx5q8 02mctnm4 lsi7un9d 7rcw5bhm 4v96flhz yqxn6xab 37z7dog5 7z5h9fj7,7103,10,1.0,2.941228914260864,39334277537.39367,62658163.446266815,116265197568.0,
d5omzcsy,1024,1381,0.25,1.0,256.0,False,10,1 2 3 4 5 10 11 12 13 14,4.0,spike,10,1 2 3 4 5 10 11 12 13 14,1hlstgw5 j7ilecge licmjaxl qeegxgsp 6w8cf6ew r1p7u49u 42dfl2ba fgm68s88 3snebvuq 12sno4e1,2502,10,1.0,2.9412288665771484,59277810392.81791,356324891.6691073,175814443008.0,
d5omzcsy,1024,1381,0.25,2.0,256.0,False,10,1 2 3 4 5 10 11 12 13 14,4.0,spike,10,1 2 3 4 5 10 11 12 13 14,aedkzxg6 psp51shn gm2xr9nr pdj4kh2x fqi12g05 s9bkr3x9 qya3t9eb cjakfj5d 5y9qap3c zecbwweo,130,10,1.0,2.9412288665771484,12831158831.139242,2341717356.75416,37721808896.0,
d5omzcsy,1024,1381,0.25,4.0,256.0,False,10,1 2 3 4 5 10 11 12 13 14,4.0,spike,10,1 2 3 4 5 10 11 12 13 14,yw84x3yf rzpywr15 uq9xaj0u ojh5foqb yzwj0l7v ipuhb1b0 87h1dj64 i5syedp3 kv1uv0ql u8h616di,80,10,1.0,2.9412288665771484,15716616126.734116,5364601106.050074,46090829824.0,
d5omzcsy,1024,1381,0.5,0.25,512.0,False,10,1 2 3 4 5 10 11 12 13 14,4.0,ok,10,1 2 3 4 5 10 11 12 13 14,621owiin dd56m8ar jn1777h7 lyzhfc2q zce1cn5w 2x0cjvq8 rutk38ri uxar13s7 pufqlzh9 hxnu9gwz,5730,0,0.0,2.9476797580718994,1.0164442235785829,2.918098481496175,2.9840548038482666,
d5omzcsy,1024,1381,0.5,0.5,512.0,False,10,1 2 3 4 5 10 11 12 13 14,4.0,ok,10,1 2 3 4 5 10 11 12 13 14,ogi6fdx5 ki9h0tc5 4f4yws4q e60gjm99 fjef42to q5wjdp3a svzp66z6 nh9hzow4 89phnp0w ing6p849,5730,0,0.0,2.9476797342300416,1.0233450268373148,2.9369087674854937,3.003405809402466,
d5omzcsy,1024,1381,0.5,1.0,512.0,False,10,1 2 3 4 5 10 11 12 13 14,4.0,spike,10,1 2 3 4 5 10 11 12 13 14,ln218z7y hdfan4aw yb23yko1 8bf9uwrt vshw1y1n vrgzghib 653onmr1 yt9ewpe7 gbkm5l5j a1e7f0z1,5181,10,1.0,2.9476797342300416,6861761988.071921,43217730.46652488,20293019648.0,
d5omzcsy,1024,1381,0.5,2.0,512.0,False,10,1 2 3 4 5 10 11 12 13 14,4.0,spike,10,1 2 3 4 5 10 11 12 13 14,acpo4uig dyl5s050 0a9bq0qo p45pula5 0zebpvpd 01d4lcd5 8yneln7a kwy9j8fo 3gc5z6ft gluu0amo,130,10,1.0,2.9476797580718994,10996640922.603828,2377929952.940428,32256575488.0,
d5omzcsy,1024,1381,0.5,4.0,512.0,False,10,1 2 3 4 5 10 11 12 13 14,4.0,spike,10,1 2 3 4 5 10 11 12 13 14,5q4wj9dy 1q01ydrb u0p8ue0g 8edx8sy8 1nz67tk1 pdxt64oi myplyglc av7bzzyc kzuq56co s2b0sk55,80,10,1.0,2.9476797342300416,14454444692.029837,5077413490.982536,42399391744.0,
d5omzcsy,1024,1381,1.0,0.25,1024.0,False,10,1 2 3 4 5 10 11 12 13 14,4.0,ok,10,1 2 3 4 5 10 11 12 13 14,5vqan85p e3iyumxa onz55jgs 07jlnuwr 5ts652kz 01rop2a6 53b08bhl 160sr5dh flzeubl3 q2rxoncc,2870,0,0.0,2.9454686880111693,1.012284817646245,2.9175043345328406,2.97484827041626,
d5omzcsy,1024,1381,1.0,0.5,1024.0,False,10,1 2 3 4 5 10 11 12 13 14,4.0,ok,10,1 2 3 4 5 10 11 12 13 14,q73db63m kvjazvem 8obe39vo 3wl97a5s qu0iqazx gkino4un dyljagzl n9etdw3e dqdg2r6t gmnjdnjk,2870,0,0.0,2.9454686880111693,1.0138675472141596,2.9186362671104455,2.980689764022827,
d5omzcsy,1024,1381,1.0,1.0,1024.0,False,10,1 2 3 4 5 10 11 12 13 14,4.0,ok,10,1 2 3 4 5 10 11 12 13 14,tn4aauch w5t793t4 2vvkv3m4 4zcozt9l f6t5ld8o ihkfctnj ghnbcy8q ohzm7epi ggk6cq0e 1v8vzfml,2870,0,0.0,2.9454686880111693,1.0221140409628668,2.93892903950987,3.0023739337921143,
d5omzcsy,1024,1381,1.0,2.0,1024.0,False,10,1 2 3 4 5 10 11 12 13 14,4.0,spike,10,1 2 3 4 5 10 11 12 13 14,frep5wbv cr1e1s49 4904q8ok pisednd1 efsr7nl2 908vicpa x6vt7nl8 epcia8tk dvreihmg rm5i25vy,130,10,1.0,2.9454686880111693,11073615914.4843,2293012214.9720483,32624257024.0,
d5omzcsy,1024,1381,1.0,4.0,1024.0,False,10,1 2 3 4 5 10 11 12 13 14,4.0,spike,10,1 2 3 4 5 10 11 12 13 14,6je1ho7p e5b4eicv c2bxa3lx 6sbmhpew qikazz48 s4fhuoyg uuj9mxxu wfr4mspd xsjmwmnv njwnnzz9,80,10,1.0,2.9454686880111693,14970275640.197395,5072887743.796339,44060409856.0,
d5omzcsy,1024,1381,2.0,0.25,2048.0,False,10,1 2 3 4 5 10 11 12 13 14,4.0,ok,10,1 2 3 4 5 10 11 12 13 14,67vnsdry 3e569yfz dqqrorze vj955ipk q5nmo03i vazjd0p0 st3e6cs5 1pnl1r53 3xkk90gu fq15l7ur,1440,0,0.0,2.946836972236633,1.0084992896689828,2.9230429864592025,2.971158027648926,
d5omzcsy,1024,1381,2.0,0.5,2048.0,False,10,1 2 3 4 5 10 11 12 13 14,4.0,ok,10,1 2 3 4 5 10 11 12 13 14,eefptpjv f7ij1fby vz5iixxj 252czsgw gqobdnxg 423k5pdf zv4vnzd5 3yl15ae1 75alxopc n8r5qw2j,1440,0,0.0,2.946836972236633,1.009506013434583,2.918787314991156,2.974123954772949,
d5omzcsy,1024,1381,2.0,1.0,2048.0,False,10,1 2 3 4 5 10 11 12 13 14,4.0,ok,10,1 2 3 4 5 10 11 12 13 14,xsizxq8k h36lmd3a 90fno8yi vlbn9oj6 dwayrsnv 6n02dkuc fk1cpho0 c12dmsuy ioweige2 7tf4b72v,1440,0,0.0,2.946836972236633,1.0146563280559913,2.921825749841001,2.989297389984131,
d5omzcsy,1024,1381,2.0,2.0,2048.0,False,10,1 2 3 4 5 10 11 12 13 14,4.0,spike,10,1 2 3 4 5 10 11 12 13 14,w4jzf1kf tsdwn8xy r5lwhufy 2awa433n 5a75x2xh k5i2plrs 4w8ofxb2 sazceef2 gpf40ru8 n6tcd7co,130,10,1.0,2.946836972236633,11988543335.1253,2443466502.6824503,35336114176.0,
d5omzcsy,1024,1381,2.0,4.0,2048.0,False,10,1 2 3 4 5 10 11 12 13 14,4.0,spike,10,1 2 3 4 5 10 11 12 13 14,syvbodw9 uvf8orzd vfl17pnj 31lxgk78 yf4p6tve mnt4grfl 3tbw9gh3 yq65uakf 2dpigsgn 0my01di6,80,10,1.0,2.946836972236633,15453390072.523308,5250842488.543755,45548716032.0,
d5omzcsy,1024,1381,4.0,0.25,4096.0,False,10,1 2 3 4 5 10 11 12 13 14,4.0,ok,10,1 2 3 4 5 10 11 12 13 14,hioejb7y 9kidxvd1 64ucl2ex ys5qqc9p i59j47qb d15yumsc yotbba70 d8zs1w7h d6zgn28y enh4nxhm,720,0,0.0,2.9461765766143797,1.006372043425003,2.930168112450176,2.9658021926879883,
d5omzcsy,1024,1381,4.0,0.5,4096.0,False,10,1 2 3 4 5 10 11 12 13 14,4.0,ok,10,1 2 3 4 5 10 11 12 13 14,bw597ivk lyq56yy8 8uam6ulp rwmenvrc 89yravc7 v6mmkvjp owxvy9y9 0qas3sbb 6vz9dpji qpe7nw4s,720,0,0.0,2.9461765766143797,1.0075674437227042,2.925857029358546,2.969325065612793,
d5omzcsy,1024,1381,4.0,1.0,4096.0,False,10,1 2 3 4 5 10 11 12 13 14,4.0,ok,10,1 2 3 4 5 10 11 12 13 14,4klmw9rv a7136uhm ul8u7ml1 lk96vkys w1dttutc vwakk6ve kh1z31yr pbfody9e 5ikcu9wk 3l5hm6ms,720,0,0.0,2.946176600456238,1.012556233608854,2.925119526849852,2.984027147293091,
d5omzcsy,1024,1381,4.0,2.0,4096.0,False,10,1 2 3 4 5 10 11 12 13 14,4.0,spike,10,1 2 3 4 5 10 11 12 13 14,r0fvtg5k xqvltak6 9vwd24ir 49lli8yy d1qoccrk oz1n55ng gmdhzf3i 3ddb47be frpmvfwm nb69dz8r,130,10,1.0,2.946176552772522,11107270066.443262,2375294630.622241,32733384704.0,
d5omzcsy,1024,1381,4.0,4.0,4096.0,False,10,1 2 3 4 5 10 11 12 13 14,4.0,spike,10,1 2 3 4 5 10 11 12 13 14,47dnlvke wdux5vi9 lbsgjfo1 2yr589w1 95z0tklx 4vf77xqv a02fcc32 dtrj97da 20hxs8mt mla9kbhh,80,10,1.0,2.9461765766143797,15032677410.167818,5257318356.187078,44301651968.0,
d5omzcsy,1024,2862,0.25,0.25,256.0,False,10,1 2 3 4 5 10 11 12 13 14,4.0,ok,10,1 2 3 4 5 10 11 12 13 14,pdiyfl7l cvzw2b3m avfooonn 5le9zsjv ufdk2fp6 wy10wvn7 t9876ed2 bnlomwji yeccg5s5 25r78300,11450,0,0.0,2.7154279947280884,1.0820232033891717,2.7381498080882443,2.9299561977386475,
d5omzcsy,1024,2862,0.25,0.5,256.0,False,10,1 2 3 4 5 10 11 12 13 14,4.0,spike,10,1 2 3 4 5 10 11 12 13 14,p5qfz10m lra2s5ym hd4zumq5 bf6yxjp8 28c3ytjd ym4rzz7r 8p3wn79i g5unkmmv 8mpb748r xa5wiu4a,7387,10,1.0,2.7154279708862306,35517641499.8427,80267463.643107,96996712448.0,
d5omzcsy,1024,2862,0.25,1.0,256.0,False,10,1 2 3 4 5 10 11 12 13 14,4.0,spike,10,1 2 3 4 5 10 11 12 13 14,vaimn368 65x3q6wd o4abmkck 3fepir1u z8biidot 3y84csqn z9vckwl0 a00je7bj xqfusbcf bishcdnu,2144,10,1.0,2.715428042411804,17828490101.333282,131004467.71565798,48688623616.0,
d5omzcsy,1024,2862,0.25,2.0,256.0,False,10,1 2 3 4 5 10 11 12 13 14,4.0,spike,10,1 2 3 4 5 10 11 12 13 14,mli3omhb 02sbpfsx 04qztee3 vaslj8it hkigbgen d7qjex00 v7htpurc 55xbhhma wo7so9p8 yyfkmgup,128,10,1.0,2.7154279947280884,48342932573.51042,7938388350.381449,130648924160.0,
d5omzcsy,1024,2862,0.25,4.0,256.0,False,10,1 2 3 4 5 10 11 12 13 14,4.0,spike,10,1 2 3 4 5 10 11 12 13 14,tk0dxkfb xkg1vft6 hqp1nhyd za4eyzm7 tb5dp5uj 0w12s8pt 0ndtr53u z8zl33sn f4cz4fco guo27tw5,80,10,1.0,2.7154279947280884,37537697605.19152,10260528754.154581,101317230592.0,
d5omzcsy,1024,2862,0.5,0.25,512.0,False,10,1 2 3 4 5 10 11 12 13 14,4.0,ok,10,1 2 3 4 5 10 11 12 13 14,huwu617j fh6yok4n r898sy9h 6x35o2ob i86trdhq xruws0wf g7e5yupd ocf9ap6h zbhkg1vn xhuek6kn,5730,0,0.0,2.7177539587020876,1.024830148802349,2.7115655996412507,2.7697601318359375,
d5omzcsy,1024,2862,0.5,0.5,512.0,False,10,1 2 3 4 5 10 11 12 13 14,4.0,ok,10,1 2 3 4 5 10 11 12 13 14,5ca9t2wl a4tpnfvt l8hfmxot 9mwrb3wy alapnzqg ltn61tm9 z246rpbg mz9q9epu 45yuq8v1 4ms5zmy2,5730,0,0.0,2.7177539587020876,1.0343489363631677,2.7381746737328707,2.801896572113037,
d5omzcsy,1024,2862,0.5,1.0,512.0,False,10,1 2 3 4 5 10 11 12 13 14,4.0,spike,10,1 2 3 4 5 10 11 12 13 14,uczgjs1m u3hi5fts zfb4bmy8 naidpa8u 9vt2jopg xr6oopgx wpqgf7h4 zqb9td93 yoh4uemg 2cih16pk,5706,10,1.0,2.7177539587020876,35609679433.94858,25056308.892510395,97046085632.0,
d5omzcsy,1024,2862,0.5,2.0,512.0,False,10,1 2 3 4 5 10 11 12 13 14,4.0,spike,10,1 2 3 4 5 10 11 12 13 14,o5sykdvn wx03puzx 3s31grgk rlshnfr0 ppugkflg b3klnjj0 24txywoh ih9zlgwb b5dqdqpj jby6ytn3,130,10,1.0,2.7177539825439454,51380427737.00889,9778565267.574984,139727863808.0,
d5omzcsy,1024,2862,0.5,4.0,512.0,False,10,1 2 3 4 5 10 11 12 13 14,4.0,spike,10,1 2 3 4 5 10 11 12 13 14,2uw09gzc xqiu7z0y 42w6k95k xzw4ez3i ad7i7vub nk3uvhns j45nbw63 mp5nzp9a 7k3ejf85 vqxgu3mr,80,10,1.0,2.7177539825439454,32893076849.235672,9925818103.745153,89678897152.0,
d5omzcsy,1024,2862,1.0,0.25,1024.0,False,10,1 2 3 4 5 10 11 12 13 14,4.0,ok,10,1 2 3 4 5 10 11 12 13 14,0hyx5vjv bcq08v6p cfjst1jo 8n8vldt5 20b8bc51 or0c1r29 p3mm02kl 32w5qxdj 8r6vcw8w 2shqtsnh,2870,0,0.0,2.7160516500473024,1.0148915324563403,2.7044553761698227,2.7517006397247314,
d5omzcsy,1024,2862,1.0,0.5,1024.0,False,10,1 2 3 4 5 10 11 12 13 14,4.0,ok,10,1 2 3 4 5 10 11 12 13 14,t8cfvop7 ec3dxcnh q5yehhi6 qmc2vykg zdscw0bl uspiltls od9o4jak gto3ighm en0sje95 dmrc7tro,2870,0,0.0,2.7160516500473024,1.0179422840500356,2.7119534176816513,2.757732391357422,
d5omzcsy,1024,2862,1.0,1.0,1024.0,False,10,1 2 3 4 5 10 11 12 13 14,4.0,ok,10,1 2 3 4 5 10 11 12 13 14,lkdk6t75 1wop07pk cw9c19i2 5hreiyw5 bedpt33t 17f3nl8k sfn54uqf pvvpozmp wnka0716 tyojrsig,2870,0,0.0,2.7160516500473024,1.0273121002302597,2.73997395977326,2.778388023376465,
d5omzcsy,1024,2862,1.0,2.0,1024.0,False,10,1 2 3 4 5 10 11 12 13 14,4.0,spike,10,1 2 3 4 5 10 11 12 13 14,e6zc3tlm 8ml5kax2 nkvhrgsj we7gln1v 3s1rgwf9 pmrgq09v ugfn60pr lons3aw7 5w1mmxui bwsy6zxw,130,10,1.0,2.7160516500473024,47700030066.26505,9636644523.884575,130136129536.0,
d5omzcsy,1024,2862,1.0,4.0,1024.0,False,10,1 2 3 4 5 10 11 12 13 14,4.0,spike,10,1 2 3 4 5 10 11 12 13 14,m6zmxar0 wcb6ter6 0al0duc5 yrjsbtgn asfqtxbr gdtw79h2 duwtuhyv jkqika4p csdyevm5 b8klzexq,80,10,1.0,2.7160516500473024,31288749977.32336,9753663751.685154,85096710144.0,
d5omzcsy,1024,2862,2.0,0.25,2048.0,False,10,1 2 3 4 5 10 11 12 13 14,4.0,ok,10,1 2 3 4 5 10 11 12 13 14,ndie3mpg uwaiqwzu f6b43qnt mo9e46dw 4ewvv0gk lh73cxpe 4sn77gyl pobjl38m gez7ot2g ccru6h1f,1440,0,0.0,2.713928699493408,1.0103463652910252,2.704583802819252,2.739808320999145,
d5omzcsy,1024,2862,2.0,0.5,2048.0,False,10,1 2 3 4 5 10 11 12 13 14,4.0,ok,10,1 2 3 4 5 10 11 12 13 14,yjxgtoby qvovycwv 7bjzqygw b9y4ik8t epzmp9zc fwwqejxw u516r3qj o5r2xes6 kwh3u9xn jqt2rr2x,1440,0,0.0,2.713928699493408,1.0117129810789356,2.7053869764010114,2.74323844909668,
d5omzcsy,1024,2862,2.0,1.0,2048.0,False,10,1 2 3 4 5 10 11 12 13 14,4.0,ok,10,1 2 3 4 5 10 11 12 13 14,cfrx4ai0 i2njwbby 6oxebo6c m8p7khcr bahgmtvi vnnuc6p4 vy3rxvsu i86y5q00 fe0cjneo 7nc58nwj,1440,0,0.0,2.713928699493408,1.017569691898189,2.7146074147688015,2.755980968475342,
d5omzcsy,1024,2862,2.0,2.0,2048.0,False,10,1 2 3 4 5 10 11 12 13 14,4.0,spike,10,1 2 3 4 5 10 11 12 13 14,3nm7oysz 9dxlkjxa fpta9jmj vapibjze w5t6ypoa 0dbmupn4 t3alrqfj 616hjy95 n60vra27 4wuz1xg5,130,10,1.0,2.713928723335266,47633431912.39824,9605295591.783579,129090985984.0,
d5omzcsy,1024,2862,2.0,4.0,2048.0,False,10,1 2 3 4 5 10 11 12 13 14,4.0,spike,10,1 2 3 4 5 10 11 12 13 14,6dbajfkx r9w4k8h2 vsc82ne2 xqeqmbf3 p0yk3wj6 d1j6g4se dujnoaop lxm3s562 ixjs347o tw1c1iyv,80,10,1.0,2.713928723335266,29768588898.3358,9719805928.473934,80938049536.0,
d5omzcsy,1024,2862,4.0,0.25,4096.0,False,10,1 2 3 4 5 10 11 12 13 14,4.0,ok,10,1 2 3 4 5 10 11 12 13 14,78nar6kz gksq2aif p5796iqq nztfcm4n aenswphb aewodqqi qhds9p6e c4uu1r36 5vu2p1re 7slemo63,720,0,0.0,2.71563458442688,1.007444777209629,2.707251061002413,2.730965137481689,
d5omzcsy,1024,2862,4.0,0.5,4096.0,False,10,1 2 3 4 5 10 11 12 13 14,4.0,ok,10,1 2 3 4 5 10 11 12 13 14,5hhoztoi 8cml7ia5 ck1xvex8 621wo2qi 19nxrx5y nxrs867r 76kj7mmg q9k7ra1d ge9izpdc hj2eax27,720,0,0.0,2.71563458442688,1.0090800166728917,2.7065990381770666,2.734303951263428,
d5omzcsy,1024,2862,4.0,1.0,4096.0,False,10,1 2 3 4 5 10 11 12 13 14,4.0,ok,10,1 2 3 4 5 10 11 12 13 14,3sop85f7 hmqoiwbk 6ivjyudb qpj0sbrj x7ubk8ot b4lka5hm 04ido5xz 06yt78gt pg8vetho nvnfzf09,720,0,0.0,2.71563458442688,1.0127077047674795,2.7103755083349013,2.750511884689331,
d5omzcsy,1024,2862,4.0,2.0,4096.0,False,10,1 2 3 4 5 10 11 12 13 14,4.0,spike,10,1 2 3 4 5 10 11 12 13 14,v1bxbvup 183bgabk zd2tjeg8 0ijcd47o c4o484j5 792n2eug nmkfdr0n rhyys6wi kzj1fjk4 42hovwpl,130,10,1.0,2.715634560585022,46028913571.75219,9647524061.67625,125203529728.0,
d5omzcsy,1024,2862,4.0,4.0,4096.0,False,10,1 2 3 4 5 10 11 12 13 14,4.0,spike,10,1 2 3 4 5 10 11 12 13 14,tqlrtnvk 2knrj4gb i6g412o6 1742gdfw 1rccwb5o a80oqvze bdbcpxad vl302v15 wuye3vrv jhxlipjv,80,10,1.0,2.7156346082687377,30440842845.65676,9747653907.454096,82427871232.0,
nutz83dd,64,3157,0.25,0.25,16.0,False,10,1 2 3 4 5 10 11 12 13 14,4.0,spike,10,1 2 3 4 5 10 11 12 13 14,g5xmgfck r01m6rzm p0e9xb8i 94pixt8a 5ic5dzbs ri2qfn8b en1d8ki2 busp6gb4 8gp1xzvf yw3wp52z,48379,10,1.0,3.246524143218994,22967948700.689682,9506592.0373353,76803645440.0,
nutz83dd,64,3157,0.25,0.5,16.0,False,10,1 2 3 4 5 10 11 12 13 14,4.0,spike,10,1 2 3 4 5 10 11 12 13 14,op9dfpic zey3wctu fmcl61tk 59k58b7j m0fds3e7 8g6hzol5 7a527hkc wdi0bpps dyxgcpj2 1xpevb51,15650,10,1.0,3.246524143218994,46532798496.84052,24867277.519424837,150066839552.0,
nutz83dd,64,3157,0.25,1.0,16.0,False,10,1 2 3 4 5 10 11 12 13 14,4.0,spike,10,1 2 3 4 5 10 11 12 13 14,ru5cn3c5 o8qklman htatuwv4 u29eeffn so8axmeo bnvu03a1 dpybkfw4 e5opjp1k ckk01u4g 01ycdf7x,6218,10,1.0,3.2465241670608522,212400089241.0588,243291190.976932,670786977792.0,
nutz83dd,64,3157,0.25,2.0,16.0,False,10,1 2 3 4 5 10 11 12 13 14,4.0,spike,10,1 2 3 4 5 10 11 12 13 14,2d9e8hfm z4y4qqlc 1z4rpylq 7bqvh2xm eobb6x36 450794y2 ljhyqlbl 0ae5x67b 7ijx8q3i 1z2urgnl,2348,10,1.0,3.246524119377136,10413063497.40012,257138918.2804759,35028180992.0,
nutz83dd,64,3157,0.25,4.0,16.0,False,10,1 2 3 4 5 10 11 12 13 14,4.0,spike,10,1 2 3 4 5 10 11 12 13 14,mydsz4l7 e5qevlwr 61eq5f0u j8qxz4px bwqiq27m ygmb5iq3 r6uco56k gdi1xw7x zgi0wxeg jfht50nz,119,10,1.0,3.2465241670608522,35390572929.96772,3891007485.4480324,111768010752.0,
nutz83dd,64,3157,0.5,0.25,32.0,False,10,1 2 3 4 5 10 11 12 13 14,4.0,spike,10,1 2 3 4 5 10 11 12 13 14,bddl8np5 f7luvkwh 4xx1ib3z pr4f2gnn 7et5inzb 3db13pim z930jc6v tz5m5v5b jncsi4mz s4pf4xji,89286,10,1.0,3.2182098150253298,6758140640.532721,1426847.9022910222,21636960256.0,
nutz83dd,64,3157,0.5,0.5,32.0,False,10,1 2 3 4 5 10 11 12 13 14,4.0,spike,10,1 2 3 4 5 10 11 12 13 14,2itgv5sr ka3fa4ml iblz0qsf uw8zwz2d g7tenpaf iy2110gg 2gvp0k20 7nxbvhur kx88i7mw 4a09vm0z,26365,10,1.0,3.2182098388671876,36041194705.371796,25315555.808795653,118087401472.0,
nutz83dd,64,3157,0.5,1.0,32.0,False,10,1 2 3 4 5 10 11 12 13 14,4.0,spike,10,1 2 3 4 5 10 11 12 13 14,zayyqteb gqmd42in hg8dtgpg pqunq3gd jmfs5lh9 yvddje6f 7gd3m3bz 0drh7otp rdwg1ly0 iva0huqx,9583,10,1.0,3.2182098388671876,476450501150.5271,301525507.19402254,1515740463104.0,
nutz83dd,64,3157,0.5,2.0,32.0,False,10,1 2 3 4 5 10 11 12 13 14,4.0,spike,10,1 2 3 4 5 10 11 12 13 14,ymlh4adj bitiwv9z twjn1htm bso2qmwr qz19pb8n udux7o4g zpz79x6r g8f2j09e v1xz71g0 9hgdm67y,3897,10,1.0,3.2182098865509032,19427476144.61315,145396262.09277064,63653277696.0,
nutz83dd,64,3157,0.5,4.0,32.0,False,10,1 2 3 4 5 10 11 12 13 14,4.0,spike,10,1 2 3 4 5 10 11 12 13 14,gv9t443q fgsq0l9u x8bhzwlr t14wiwo4 xbk77f0y oosdu1kf x85n5erh pdti9sxn tvm7no5t 7q1xndix,124,10,1.0,3.2182098865509032,36745286151.445656,4422939099.701508,118769074176.0,
nutz83dd,64,3157,1.0,0.25,64.0,False,10,1 2 3 4 5 10 11 12 13 14,4.0,ok,10,1 2 3 4 5 10 11 12 13 14,vj42l3c1 586ahlb3 fmhzci9h 4f47nv8l ma6edaw9 mpnue25k 46gi726v dtmm3e18 d8k6infs fie62yg8,45780,0,0.0,3.1851902484893797,2.0000447550359657,3.0495927941231504,6.286224842071533,
nutz83dd,64,3157,1.0,0.5,64.0,False,10,1 2 3 4 5 10 11 12 13 14,4.0,spike,10,1 2 3 4 5 10 11 12 13 14,n4arricg nadoi1su vbs25xy5 v2cvduzx 6ocvodz6 qqdvml6w zas761tt an39msnb 41qs4ape h5f808va,45739,10,1.0,3.1851902484893797,9243835015.210876,1568022.8419825241,29442480128.0,
nutz83dd,64,3157,1.0,1.0,64.0,False,10,1 2 3 4 5 10 11 12 13 14,4.0,spike,10,1 2 3 4 5 10 11 12 13 14,6f6gvtgz z5oehmp6 98w0cbas 5myb6lu4 qxf46b3a iztuz7na yqa46oi5 7k6siln4 nmighf8b 8t9c5aql,16184,10,1.0,3.1851902484893797,138294681864.09692,71778145.16167918,443786264576.0,
nutz83dd,64,3157,1.0,2.0,64.0,False,10,1 2 3 4 5 10 11 12 13 14,4.0,spike,10,1 2 3 4 5 10 11 12 13 14,th82n1p8 k3d5wfkc wus5c7nw d6kr3wai jeqy8zru 9tp9huyt higews5a pflu9g73 oc3kw2wj qd3mb0s1,5615,10,1.0,3.185190272331238,12949875191.65461,82451695.7686773,41556021248.0,
nutz83dd,64,3157,1.0,4.0,64.0,False,10,1 2 3 4 5 10 11 12 13 14,4.0,spike,10,1 2 3 4 5 10 11 12 13 14,9lyppihg dyt62vsl yt6rfqug ifadwl99 l1nwavin 6elzk0z1 7o2qn7ms h6u76vr0 9ksm286h ls9kiyuy,124,10,1.0,3.185190272331238,19604838506.945335,2608054828.9143286,61905461248.0,
nutz83dd,64,3157,2.0,0.25,128.0,False,10,1 2 3 4 5 10 11 12 13 14,4.0,ok,10,1 2 3 4 5 10 11 12 13 14,0c2pp237 seww8ixi ion2uqdq da6ghozg 7x9vjhzi dpt4abtz p9y7cu5o qgg3dpsg 18q36tk6 uxavaoom,22890,0,0.0,3.193302845954895,1.0301160799388032,3.061699339936216,3.2584445476531982,
nutz83dd,64,3157,2.0,0.5,128.0,False,10,1 2 3 4 5 10 11 12 13 14,4.0,ok,10,1 2 3 4 5 10 11 12 13 14,vtpljr6d t0afbhi0 r0iaysas l4wynfac xmgmxo9r vstd2vvp nmjs2nkr p6ouv0xh bkvj8jlw n8ngnqpk,22890,0,0.0,3.193302845954895,1.4329826042707174,3.0498220014384656,4.53189754486084,
nutz83dd,64,3157,2.0,1.0,128.0,False,10,1 2 3 4 5 10 11 12 13 14,4.0,spike,10,1 2 3 4 5 10 11 12 13 14,bpw2m6ci 5iur0mnc ysv14a0e rnyxnwjf 83ys3hza zwbgou02 qivqe11b w8rrluyj d70pt172 myezpbvy,22890,10,1.0,3.193302845954895,2350155158.61479,696470.2123601151,7517932032.0,
nutz83dd,64,3157,2.0,2.0,128.0,False,10,1 2 3 4 5 10 11 12 13 14,4.0,spike,10,1 2 3 4 5 10 11 12 13 14,0fnkzkdk acww7xu0 97mevz67 e9y27wxt d15xdywi p8t8k2a2 5pdo71it 22mxmy2q m6ieniwt p73cdwdq,9475,10,1.0,3.1933028221130373,17173251554.8309,58375923.37016852,55283675136.0,
nutz83dd,64,3157,2.0,4.0,128.0,False,10,1 2 3 4 5 10 11 12 13 14,4.0,spike,10,1 2 3 4 5 10 11 12 13 14,y5xwqs3g 5nerv5u1 4dn7je8a 1ye3m051 pim15g7f e3m0ht00 1hkjiqx2 ydmhibqz my30fif8 7gxym5l1,126,10,1.0,3.193302845954895,46386510835.43559,3649273817.5333357,148386217984.0,
nutz83dd,64,3157,4.0,0.25,256.0,False,10,1 2 3 4 5 10 11 12 13 14,4.0,ok,10,1 2 3 4 5 10 11 12 13 14,zrrie0dt o4pxjeh1 a4kytimt yiy2nrxd vqeksa38 gys4xyg1 pcxcrzbv w1v4ap9p moykv3x3 2g9lgjga,11450,0,0.0,3.1828941822052004,1.017854424168544,3.0824518507328613,3.2277753353118896,
nutz83dd,64,3157,4.0,0.5,256.0,False,10,1 2 3 4 5 10 11 12 13 14,4.0,ok,10,1 2 3 4 5 10 11 12 13 14,lskhqkf3 djaqajqi 5koprdax xtb1a49y 3oxp3m9a qk5zjlft tkgdw1ky gac7a4yc 5x4tjljj 6vh4trh3,11450,0,0.0,3.1828941822052004,1.0185164899566514,3.0621075537527496,3.229874849319458,
nutz83dd,64,3157,4.0,1.0,256.0,False,10,1 2 3 4 5 10 11 12 13 14,4.0,ok,10,1 2 3 4 5 10 11 12 13 14,8srs4co0 s1eoy0kv by5tattw r9uba244 4z4778yu 2opzvak0 9yh3ndzl 74firj29 gt0uxuwf 46pjdedz,11450,0,0.0,3.1828941822052004,1.2284471766652925,3.0508603859364203,3.880800724029541,
nutz83dd,64,3157,4.0,2.0,256.0,False,10,1 2 3 4 5 10 11 12 13 14,4.0,spike,10,1 2 3 4 5 10 11 12 13 14,0udo7q5o 05e3z4pz jfkmimu1 myeh7f5f 82v0ti7i 30a30md2 dufenyep rs3ixjip rst0eybk aggq2trn,11450,10,1.0,3.182894158363342,1724342.978623758,1088.910946413315,5447390.5,
nutz83dd,64,3157,4.0,4.0,256.0,False,10,1 2 3 4 5 10 11 12 13 14,4.0,spike,10,1 2 3 4 5 10 11 12 13 14,ph5x57xr l7hkb6wo wlopl41t xj1nx2oa egzc2igv uqxm4shj ata83va9 rv445g8h dzg8hsfg fa3m7q2u,126,10,1.0,3.1828941822052004,50642400868.20403,3808452898.0689545,159863308288.0,
nutz83dd,64,22099,0.25,0.25,16.0,False,10,1 2 3 4 5 10 11 12 13 14,4.0,spike,10,1 2 3 4 5 10 11 12 13 14,xs5kcyi6 yjlkc6kh 0vdm2w44 pzseovjg yjf7u6zc 32utzy9c 6rurvnp9 brjxgnkb ozahus6a pch0dsop,96591,10,1.0,2.6659634590148924,154931324787.07306,10245502.531433312,410833354752.0,
nutz83dd,64,22099,0.25,0.5,16.0,False,10,1 2 3 4 5 10 11 12 13 14,4.0,spike,10,1 2 3 4 5 10 11 12 13 14,2dvgd7a3 rsnwovv8 cwe2k62a wcl60zyq 8n7tiw8a dzwn94nt pq3ounju 6g0myvx6 fhzklucb ur3fs8qp,41875,10,1.0,2.6659634828567507,70259652826.18764,14150248.16274679,187552874496.0,
nutz83dd,64,22099,0.25,1.0,16.0,False,10,1 2 3 4 5 10 11 12 13 14,4.0,spike,10,1 2 3 4 5 10 11 12 13 14,xbcb35a5 10ke9tzj kfjkvarq o4kh2u05 qlpxw4le s4l7rpjh jk5jrcww p041ht73 ia5ekzt9 lk33xb50,11485,10,1.0,2.6659634590148924,38725937256.47244,51197225.749277376,101785567232.0,
nutz83dd,64,22099,0.25,2.0,16.0,False,10,1 2 3 4 5 10 11 12 13 14,4.0,spike,10,1 2 3 4 5 10 11 12 13 14,k127pvms i993dnzu 9iiuri7b 8pr7b138 9zlbarqb qqmrytz4 yjy4y14m ba78sdi5 zzm71dvw 60kqo272,4491,10,1.0,2.6659634351730346,873207715996.2826,781155267.8381495,2405944262656.0,
nutz83dd,64,22099,0.25,4.0,16.0,False,10,1 2 3 4 5 10 11 12 13 14,4.0,spike,10,1 2 3 4 5 10 11 12 13 14,w704wgld szqnahow ja7ggx4c s3p5enfi nxtpl1oo 2yzjg5k1 wacgiavp yfo54h5x glna1mzg zeoytog0,184,10,1.0,2.6659634590148924,23597162675.77162,1885382186.9534786,62021754880.0,
nutz83dd,64,22099,0.5,0.25,32.0,False,10,1 2 3 4 5 10 11 12 13 14,4.0,spike,10,1 2 3 4 5 10 11 12 13 14,6a5mjg52 c7erau8v v2xa6ln4 1xo83y5m ltmdgaua bk2h2siu ks9qykur u7cr95ry df8tx7mp upa15t1t,71538,10,1.0,2.6771838903427123,32105727246.088062,6293648.7441115845,84026417152.0,
nutz83dd,64,22099,0.5,0.5,32.0,False,10,1 2 3 4 5 10 11 12 13 14,4.0,spike,10,1 2 3 4 5 10 11 12 13 14,5idm1ixx 99tx9x6x pvzg2wlu g7prjdio c21zjp5e 76hk7ynh 1j38mhy4 o8d7lfgz j1aupk82 8oiaw7xd,49379,10,1.0,2.6771838903427123,85333633408.36668,25883410.271002065,224810270720.0,
nutz83dd,64,22099,0.5,1.0,32.0,False,10,1 2 3 4 5 10 11 12 13 14,4.0,spike,10,1 2 3 4 5 10 11 12 13 14,0135a8n4 b7u07k6o rchr5ksv jbxxqzkq olzxxjkq maqar7zk n5b9v7t8 svi8yse0 ajzkna4j mcbrbkzs,21796,10,1.0,2.67718391418457,37659940489.79648,24195366.655969094,100974075904.0,
nutz83dd,64,22099,0.5,2.0,32.0,False,10,1 2 3 4 5 10 11 12 13 14,4.0,spike,10,1 2 3 4 5 10 11 12 13 14,1a3o2d59 wb89a0yo dzu6aygj 1x83r4d4 ttyi4p5p 2kf191m2 76vnr7p0 yxhd4uw6 zccj7uin 335jq1q9,7152,10,1.0,2.6771838903427123,136665877468.10513,165718335.28590697,365061668864.0,
nutz83dd,64,22099,0.5,4.0,32.0,False,10,1 2 3 4 5 10 11 12 13 14,4.0,spike,10,1 2 3 4 5 10 11 12 13 14,k6h0q374 b6ib6ju1 iwgvzqtf 47858gij mt30hx0x 2xfowpuj tmas2kka y8o3ybt7 r1l91dk6 wirs5diy,189,10,1.0,2.6771838903427123,26700074873.10031,1953707917.431131,67094003712.0,
nutz83dd,64,22099,1.0,0.25,64.0,False,10,1 2 3 4 5 10 11 12 13 14,4.0,ok,10,1 2 3 4 5 10 11 12 13 14,aqqdc747 j9co18s9 dr1og83r c3jtapq4 dfgz0y8g gi97a6ow yvxbmg3t g99u95qa v9z6nspy ub56hjwk,45780,0,0.0,2.69701771736145,1.4163380369617848,2.687748395401924,3.872896909713745,
nutz83dd,64,22099,1.0,0.5,64.0,False,10,1 2 3 4 5 10 11 12 13 14,4.0,spike,10,1 2 3 4 5 10 11 12 13 14,has4exwc a6qg5gc8 w67naan5 4mkitqqu 7yq5m9tt iqgpimgy xmfvvirl xwz1s91w 6o74ok2y 2fgmldtz,35318,10,1.0,2.69701771736145,15022713661.955025,7301996.609150147,41696935936.0,
nutz83dd,64,22099,1.0,1.0,64.0,False,10,1 2 3 4 5 10 11 12 13 14,4.0,spike,10,1 2 3 4 5 10 11 12 13 14,vpa2y1v9 6pgnfg65 l25z5wss xvco1mt6 17ltam4m fvn9ck4f yf4w9xfq n8xgrd00 hbf2uaxs f7fxh4le,25236,10,1.0,2.69701771736145,234618032441.88785,71914519.42688875,637273833472.0,
nutz83dd,64,22099,1.0,2.0,64.0,False,10,1 2 3 4 5 10 11 12 13 14,4.0,spike,10,1 2 3 4 5 10 11 12 13 14,hnmz2q6x 01jguh2k rpp3kn6v w13pzias 4icbmyvb 7f7l0t6i jnn084qt 4i6srp6n xolnivas de9uggn2,12595,10,1.0,2.69701771736145,48047804142.30797,54285172.34104006,131384025088.0,
nutz83dd,64,22099,1.0,4.0,64.0,False,10,1 2 3 4 5 10 11 12 13 14,4.0,spike,10,1 2 3 4 5 10 11 12 13 14,2vm7ii6a vmgyhkc2 p11d8mm7 u6pjtqi4 d7e94b1m kam339y1 tqofkmq4 o0c0r38k bbhzof6b 9vvhe85m,183,10,1.0,2.69701771736145,22306638366.21932,2172756608.194598,60589703168.0,
nutz83dd,64,22099,2.0,0.25,128.0,False,10,1 2 3 4 5 10 11 12 13 14,4.0,ok,10,1 2 3 4 5 10 11 12 13 14,eet25axs p52zzhsj m4pgtvtt qnahgsqw yzk825nq 97ga8vda n0iyvons j8xrzgdz 1tui235a l0c9tsrz,22890,0,0.0,2.6831259727478027,1.0749473394587066,2.685261501657645,2.8284246921539307,
nutz83dd,64,22099,2.0,0.5,128.0,False,10,1 2 3 4 5 10 11 12 13 14,4.0,spike,10,1 2 3 4 5 10 11 12 13 14,agozukol te4n0xxk bybubli6 7tnlx964 ti7wlp4q jhhugnit 51hs7wc2 2v6my0wy 69omtnmd tgmcif73,22890,1,0.1,2.683125948905945,9.594456768931211,2.690672654478557,26.17351722717285,
nutz83dd,64,22099,2.0,1.0,128.0,False,10,1 2 3 4 5 10 11 12 13 14,4.0,spike,10,1 2 3 4 5 10 11 12 13 14,ayqz891h m9111jm5 1y4v2bcs oj9j4uxe e42crut7 jh1k7wa4 eoiu3tx3 3m3a56xu x8ovp2q8 iokrm7ct,18392,10,1.0,2.6831259727478027,14469328843.280657,13415143.555255173,39144259584.0,
nutz83dd,64,22099,2.0,2.0,128.0,False,10,1 2 3 4 5 10 11 12 13 14,4.0,spike,10,1 2 3 4 5 10 11 12 13 14,moft2129 tny0ugxz 4sinrvej dlqb9h6e vzeda6hl bnsoh6rd u641gzqm hx3o721n 3c1pgbbi wwvkr3xy,12971,10,1.0,2.6831259727478027,149527734316.78546,101326601.54181406,391819722752.0,
nutz83dd,64,22099,2.0,4.0,128.0,False,10,1 2 3 4 5 10 11 12 13 14,4.0,spike,10,1 2 3 4 5 10 11 12 13 14,ixncwn9w j5ajszbj 0mky6i13 6687tz80 uomlisf3 qgisyd9v kg4pxwhi uit7lbf1 vge5u95v h6kil6eg,188,10,1.0,2.683125948905945,21552369195.570232,1928166425.2573485,56730017792.0,
nutz83dd,64,22099,4.0,0.25,256.0,False,10,1 2 3 4 5 10 11 12 13 14,4.0,ok,10,1 2 3 4 5 10 11 12 13 14,gl1rfkgn fpag6klw jpyeaui0 augt606t qmcjunrb ce5c7nok 5s812iyn eogxy01n o9b354pl qsbfw2fd,11450,0,0.0,2.6883264541625977,1.0413985047113676,2.687465155051785,2.7753167152404785,
nutz83dd,64,22099,4.0,0.5,256.0,False,10,1 2 3 4 5 10 11 12 13 14,4.0,ok,10,1 2 3 4 5 10 11 12 13 14,uwqweoo3 8mwh14pi p2h072y9 1p7vlz69 vseg6e5s el4mogqj zvjboexw ul7tl64s eirle52a ph46sl7t,11450,0,0.0,2.6883265018463134,1.043785114739074,2.6854613257287374,2.776150703430176,
nutz83dd,64,22099,4.0,1.0,256.0,False,10,1 2 3 4 5 10 11 12 13 14,4.0,ok,10,1 2 3 4 5 10 11 12 13 14,22n2pdn8 xlm29nw0 htknj5av n793qha6 xer6w0uw ubr3nnkd c3afn52h kxqhv7ep 2ktnrl8o c8za58nw,11450,0,0.0,2.6883265018463134,1.1463050135607606,2.6883538211589295,3.108920097351074,
nutz83dd,64,22099,4.0,2.0,256.0,False,10,1 2 3 4 5 10 11 12 13 14,4.0,spike,10,1 2 3 4 5 10 11 12 13 14,rk153g8x zn2nmchc 0q5gqzfi jf6aica8 x4jjc7pv 9wtfk3np 15thucvk j537sh2l ir2urq1u ak5h4ah3,10276,10,1.0,2.6883265018463134,23517534788.73669,22325438.76107223,63782445056.0,
nutz83dd,64,22099,4.0,4.0,256.0,False,10,1 2 3 4 5 10 11 12 13 14,4.0,spike,10,1 2 3 4 5 10 11 12 13 14,606ys0rs gfgoz0f5 ez40av3h 9fxmtbcc vbanzbfy s86nm8l9 vajvnxm3 5qnuwg9y f7a87hyd 1gx6jpz6,189,10,1.0,2.6883265018463134,18599478285.869717,1856443487.4606369,49666297856.0,
nutz83dd,64,45777,0.25,0.25,16.0,False,10,1 2 3 4 5 10 11 12 13 14,4.0,spike,10,1 2 3 4 5 10 11 12 13 14,hyeselge 93abl3gh mbjt6s8u vsggnde7 wygkp9xh eosi3p9n v3jpu57t 9ij7tkmw 5t7yikow 7o8c51yr,168708,10,1.0,2.614952564239502,32665172431.085255,1746363.6360591284,84745306112.0,
nutz83dd,64,45777,0.25,0.5,16.0,False,10,1 2 3 4 5 10 11 12 13 14,4.0,spike,10,1 2 3 4 5 10 11 12 13 14,xe7e3gsi 8btnz695 sbo5cxh7 ls4iqerf 6lco6ila v115jszx sos4tlzd rqdqqvji tfmi8fcg 0dlr7kgg,31972,10,1.0,2.6149526119232176,22299819051.83409,14833701.32271102,56065380352.0,
nutz83dd,64,45777,0.25,1.0,16.0,False,10,1 2 3 4 5 10 11 12 13 14,4.0,spike,10,1 2 3 4 5 10 11 12 13 14,gsrfizj2 5sxle52e 961ws49c fzqwx2nw wrbe05u2 h8oaq9fa zmzi4vk6 etauca5o tizcl13p f6845060,10585,10,1.0,2.6149526119232176,40586436154.47611,68785537.6755713,105295937536.0,
nutz83dd,64,45777,0.25,2.0,16.0,False,10,1 2 3 4 5 10 11 12 13 14,4.0,spike,10,1 2 3 4 5 10 11 12 13 14,l26m1oiz l8w9f9lu 4qkb5x03 7lsebmou du1ljzb1 ee7le1pi vl6tier5 x0sidws1 rmgidrsk i6nj4ufl,4969,10,1.0,2.6149525880813598,36459597712.57536,155500788.1479543,92154576896.0,
nutz83dd,64,45777,0.25,4.0,16.0,False,10,1 2 3 4 5 10 11 12 13 14,4.0,spike,10,1 2 3 4 5 10 11 12 13 14,qyjhda3b fu92e1ho t3fqzjrk 15hl1pq3 u406b7a4 bd9tjl8f s7d203xn fwxufcdn yip9eqo9 7jgimflx,395,10,1.0,2.614952635765076,8900894846.93871,822751730.411547,23641270272.0,
nutz83dd,64,45777,0.5,0.25,32.0,False,10,1 2 3 4 5 10 11 12 13 14,4.0,spike,10,1 2 3 4 5 10 11 12 13 14,mc627ton t45cxjyy zbqi7d92 ygnsxctw li22unqf z3jsxild cfwbptph jpgw3qbz mw5lloi7 v271nysd,91560,7,0.7,2.61351056098938,96514.91985135448,14.81378684691489,253674.53125,
nutz83dd,64,45777,0.5,0.5,32.0,False,10,1 2 3 4 5 10 11 12 13 14,4.0,spike,10,1 2 3 4 5 10 11 12 13 14,e8cg1mal lwd055q7 x114sduf mew5cvhu 2cckdcgs 1cqhq4xs ugp64gcp 7ahn9et1 jj3zidhd h5eq7ym8,85371,10,1.0,2.61351056098938,22078182344.72253,2365651.6324086655,56388186112.0,
nutz83dd,64,45777,0.5,1.0,32.0,False,10,1 2 3 4 5 10 11 12 13 14,4.0,spike,10,1 2 3 4 5 10 11 12 13 14,ip7fjl7g z5fv8is2 t29gushr l2eq07pw rg99whr5 5s3kmzp0 fd3zs6z1 4wuhp7ia u3ptmx6j zu2mm8z7,15749,10,1.0,2.61351056098938,51619167705.41455,48871270.44920053,132455743488.0,
nutz83dd,64,45777,0.5,2.0,32.0,False,10,1 2 3 4 5 10 11 12 13 14,4.0,spike,10,1 2 3 4 5 10 11 12 13 14,m7tsyutc 5250nzy3 do5i5nmk a28nx0x8 ocpjygii s8vmysnr 2cerndl5 joyww0oz 0dww7ct5 k9ami6up,5320,10,1.0,2.61351056098938,107065363635.49573,152905265.8045238,274731712512.0,
nutz83dd,64,45777,0.5,4.0,32.0,False,10,1 2 3 4 5 10 11 12 13 14,4.0,spike,10,1 2 3 4 5 10 11 12 13 14,tr1d9u7b lkbn64i8 sf2q8hkt kktrv7ol 4dpum2y8 hev71nwp yr45w72z v86znp82 b5y19mlp x00qdn3w,358,10,1.0,2.613510584831238,10094988198.395712,880890785.1084732,25903927296.0,
nutz83dd,64,45777,1.0,0.25,64.0,False,10,1 2 3 4 5 10 11 12 13 14,4.0,ok,10,1 2 3 4 5 10 11 12 13 14,61n3xzoo 5vewv7cr 0gypomv1 k5n5dyna 4q175lkb pitnzpm4 gyjzowhe 4m1f83gx ef8hde79 iodhcphp,45780,0,0.0,2.6238126516342164,1.0710001167382277,2.5971988803801866,2.786672592163086,
nutz83dd,64,45777,1.0,0.5,64.0,False,10,1 2 3 4 5 10 11 12 13 14,4.0,spike,10,1 2 3 4 5 10 11 12 13 14,20s3huj9 w7f926cw gga8rgw6 qazdw0sf 97vimaxa 4iandfft 2kwe19qs vyn06l73 tlskpurf 0baek5vp,45780,6,0.6,2.6238126516342164,7090.165664005326,4.588432522323154,18566.69921875,
nutz83dd,64,45777,1.0,1.0,64.0,False,10,1 2 3 4 5 10 11 12 13 14,4.0,spike,10,1 2 3 4 5 10 11 12 13 14,eb5czgxy dmjildu2 tz9oi4uz 2n4as53j gy2dz8zm twxu6mx6 mf0up0ph lv81nqve wl2jqlqn jhngo7vr,43784,10,1.0,2.6238126516342164,43399356916.04495,6013424.137477222,113647951872.0,
nutz83dd,64,45777,1.0,2.0,64.0,False,10,1 2 3 4 5 10 11 12 13 14,4.0,spike,10,1 2 3 4 5 10 11 12 13 14,gd6ws9lv yqqli2ui 2lw9q3t3 6qzohji2 ng3qj527 ye04ymy1 1x4o4lt3 qubymmaz j6w6r0oi s283b86x,10007,10,1.0,2.623812675476074,74675625313.54793,62268550.446682155,194301116416.0,
nutz83dd,64,45777,1.0,4.0,64.0,False,10,1 2 3 4 5 10 11 12 13 14,4.0,spike,10,1 2 3 4 5 10 11 12 13 14,h5d5f0t4 q62hryke pquswx7v 755nijcx ebytccr7 706mmk3p 414y62gy y6e4w3wu ndcf9xjn 8juun9qk,350,10,1.0,2.6238126516342164,8180225329.263376,689263535.99827,21301514240.0,
nutz83dd,64,45777,2.0,0.25,128.0,False,10,1 2 3 4 5 10 11 12 13 14,4.0,ok,10,1 2 3 4 5 10 11 12 13 14,bpwidv2l 3q7cmtg6 x6ieek7l 9nx716vc rw6nn653 29awolnd mgntjpiu abcvh45v hfcux4e1 p0t0ge77,22890,0,0.0,2.5980421543121337,1.059888130249217,2.5935636036465817,2.7200965881347656,
nutz83dd,64,45777,2.0,0.5,128.0,False,10,1 2 3 4 5 10 11 12 13 14,4.0,ok,10,1 2 3 4 5 10 11 12 13 14,u4nbzzfn alryks2a ama8yypc lx9lfuv2 xxtydmqq p8q3spts pi0734fn 2xsnj5l9 sunffx4q qgu4tplh,22890,0,0.0,2.5980421543121337,1.0619027760081907,2.5972964477934863,2.7232701778411865,
nutz83dd,64,45777,2.0,1.0,128.0,False,10,1 2 3 4 5 10 11 12 13 14,4.0,spike,10,1 2 3 4 5 10 11 12 13 14,dtoej19j 9ajqkslk syee4lg2 9jm5kdmw 30gqbcfp 2faeh5fi sv886wya nlnsltto k4b3cfsl ea1d1gcx,22890,6,0.6,2.598042130470276,3757.135356520042,4.641244800250152,9802.775390625,
nutz83dd,64,45777,2.0,2.0,128.0,False,10,1 2 3 4 5 10 11 12 13 14,4.0,spike,10,1 2 3 4 5 10 11 12 13 14,adk2cwjr d3crxe0o 6udrmwmi z6o8ppxi son87v9e w2ilxian i459smwm 44y1o5qv p2n38hxc 8q4ttr8i,22007,10,1.0,2.5980421543121337,21260387099.727844,5192192.818754489,55470665728.0,
nutz83dd,64,45777,2.0,4.0,128.0,False,10,1 2 3 4 5 10 11 12 13 14,4.0,spike,10,1 2 3 4 5 10 11 12 13 14,njfw8zg9 w2jk4k7l o1gyn9mo oj19301y 50oocmx1 htiurdoi i4d88ps3 nlj2b9j6 nsyi8bpq 4069vbre,348,10,1.0,2.598042130470276,9028673912.588121,864754899.1654816,23524651008.0,
nutz83dd,64,45777,4.0,0.25,256.0,False,10,1 2 3 4 5 10 11 12 13 14,4.0,ok,10,1 2 3 4 5 10 11 12 13 14,obtc3x7h 1s95bmr5 1tlcm173 63eqrin5 us16alvb dna60z75 t4eyg6kq 6f5ulahz zv9vu1nz cxtcuose,11450,0,0.0,2.605200099945068,1.0331277068758056,2.593708522101157,2.675835371017456,
nutz83dd,64,45777,4.0,0.5,256.0,False,10,1 2 3 4 5 10 11 12 13 14,4.0,ok,10,1 2 3 4 5 10 11 12 13 14,20sxdpaf v0x0xqux 0f4mc4zg 59vvolef yw9zf2ux w0y4f0rw e0hd6q7z 1nrde76k yiin38ub pwxrk0ig,11450,0,0.0,2.605200099945068,1.033504938928452,2.5937185747238223,2.675464391708374,
nutz83dd,64,45777,4.0,1.0,256.0,False,10,1 2 3 4 5 10 11 12 13 14,4.0,ok,10,1 2 3 4 5 10 11 12 13 14,l1ztnupp ws198o52 9psuqcqq iw72n2fd szrubxov tkr0ihhn 6jspv4mz 1mijkkgk qz9wqkxl g1zz4lzu,11450,0,0.0,2.605200099945068,1.0353699209273897,2.597657664707134,2.6788790225982666,
nutz83dd,64,45777,4.0,2.0,256.0,False,10,1 2 3 4 5 10 11 12 13 14,4.0,spike,10,1 2 3 4 5 10 11 12 13 14,3tbam2rv 4hylbb3o 14egm4cl zz8ol2ut bjbnwg9u i8ekbt7b n6fjruff uu5iqi7h xh24ljeh zutdua59,11450,4,0.4,2.605200099945068,179.74232856590365,2.92167195413831,472.0366821289063,
nutz83dd,64,45777,4.0,4.0,256.0,False,10,1 2 3 4 5 10 11 12 13 14,4.0,spike,10,1 2 3 4 5 10 11 12 13 14,r838fpm1 fkijk9an brv3ygi1 bk6qiton wozhv3qq mummsewl ofwbf5hd qtzrbus5 1fqutjzt 3mitljvz,347,10,1.0,2.6052000761032104,8661729044.50672,805016953.1267742,22529069056.0,
